TARİH,KURŞUNSUZ BENZİN (TL/LT),GAZ YAĞI (TL/LT),TP MOTORİN (TL/LT),MOTORİN (TL/LT),KALORİFER YAKITI (TL/KG),FUEL OIL (TL/KG),Y.K. FUEL OIL (TL/KG),TPGAZ
01 Ocak 2011,3.88,2.74,-,3.29,2.02,-,1.72,-
13 Ocak 2011,3.96,2.81,-,3.29,2.02,-,1.77,-
25 Şubat 2011,4.04,2.98,-,3.50,2.30,-,1.96,-
04 Mart 2011,4.09,3.06,-,3.62,2.37,-,2.02,-
06 Haziran 2012,4.36,3.11,-,3.70,2.71,2.39,2.10,-
15 Haziran 2012,4.24,3.11,-,3.70,2.71,2.39,2.10,-
22 Mart 2011,4.05,3.01,-,3.62,2.37,-,2.06,-
07 Nisan 2011,4.15,3.01,-,3.58,2.37,-,2.13,-
06 Temmuz 2012,4.33,3.03,-,3.64,2.70,2.37,2.03,-
11 Temmuz 2012,4.33,3.12,-,3.73,2.76,2.42,2.08,-
16 Ocak 2024,38.24,34.20,40.52,40.48,28.30,24.96,19.72,19.68
20 Ocak 2024,38.24,34.20,41.68,41.64,28.30,24.96,19.72,20.04
23 Ocak 2024,38.28,34.20,41.71,41.66,28.30,24.96,19.72,20.04
26 Ocak 2024,39.74,35.29,41.76,41.71,28.06,24.02,19.83,20.04
03 Ağustos 2023,37.14,32.80,37.62,37.57,27.42,23.68,20.68,16.22
09 Ağustos 2023,37.16,32.80,37.68,37.64,27.42,23.68,20.68,16.22
07 Eylül 2023,37.99,32.80,39.17,39.13,28.54,24.27,21.85,17.53
13 Eylül 2023,38.02,34.96,41.23,41.19,28.54,24.27,21.85,17.53
15 Eylül 2023,39.71,34.96,41.28,41.24,28.54,24.27,21.85,17.53
12 Aralık 2023,34.30,30.03,36.82,36.78,25.61,22.07,17.88,18.46
16 Aralık 2023,34.31,30.03,36.84,36.80,26.28,23.06,17.96,18.46
21 Aralık 2023,35.86,32.44,36.87,36.83,27.29,23.75,19.28,18.46
29 Aralık 2023,35.87,32.44,38.53,38.49,27.13,23.75,18.64,18.46
03 Ocak 2024,38.19,33.65,40.71,40.67,27.40,24.01,18.89,19.48
06 Ocak 2024,38.23,33.65,40.50,40.46,27.40,24.01,18.89,19.58
12 Ocak 2024,38.24,32.63,40.51,40.47,27.40,24.01,18.89,19.58
31 Ocak 2024,39.74,35.29,43.14,43.09,29.27,24.81,20.98,20.04
02 Şubat 2024,40.75,35.29,43.19,43.14,29.27,24.81,20.98,20.04
07 Şubat 2024,40.75,35.29,43.19,43.14,27.85,23.27,20.72,20.34
13 Şubat 2024,40.79,35.29,45.82,45.77,29.76,24.20,22.31,20.34
16 Kasım 2022,22.98,23.71,25.11,25.06,17.73,13.84,10.82,10.65
24 Kasım 2022,20.92,22.69,24.20,24.14,16.64,12.66,10.33,10.65
14 Aralık 2022,17.79,19.28,21.44,21.39,14.86,11.70,9.77,10.70
24 Aralık 2022,18.97,20.31,22.41,22.36,16.12,12.82,10.58,10.70
27 Aralık 2022,18.99,20.31,22.44,22.39,16.00,12.56,10.28,10.70
06 Ocak 2023,19.91,19.59,22.56,22.51,15.00,11.79,9.27,10.75
10 Ocak 2023,19.91,20.43,22.58,22.53,15.00,11.79,9.27,10.75
18 Ocak 2023,20.79,21.90,23.66,23.61,16.01,12.43,9.38,10.75
26 Ocak 2023,22.10,23.41,24.57,24.52,17.01,12.93,10.31,10.75
03 Şubat 2023,21.64,21.81,22.46,22.41,16.35,12.61,9.92,11.82
09 Şubat 2023,20.26,19.65,20.63,20.57,15.22,12.55,9.24,11.90
11 Şubat 2023,20.26,19.65,20.63,20.57,15.67,13.10,9.91,11.90
24 Şubat 2023,21.13,18.74,21.45,21.40,15.31,12.58,10.19,11.90
10 Mart 2023,21.31,19.46,22.53,22.48,15.40,12.54,10.64,11.90
17 Mart 2023,21.35,16.85,20.53,20.48,13.98,11.02,10.52,11.97
31 Mart 2023,22.19,18.01,21.39,21.34,15.02,12.26,11.21,12.25
18 Nisan 2023,23.29,18.83,22.02,21.97,15.88,13.17,12.21,10.51
30 Nisan 2023,21.18,17.48,20.65,20.60,15.05,13.04,11.45,10.56
04 Mayıs 2023,21.18,16.39,19.35,19.30,15.05,13.04,11.45,10.56
19 Mayıs 2023,20.64,16.64,20.29,20.24,14.60,12.52,11.43,10.56
06 Haziran 2023,22.08,17.18,20.30,20.25,15.16,12.92,11.80,9.78
16 Haziran 2023,24.90,19.75,23.19,23.14,17.55,14.88,13.13,10.68
17 Haziran 2023,24.90,19.75,23.19,23.14,18.40,15.69,13.54,10.68
04 Temmuz 2023,27.14,22.55,25.00,24.95,20.22,17.26,16.73,11.34
06 Temmuz 2023,27.14,22.55,25.87,25.82,20.22,17.26,16.73,10.69
14 Temmuz 2023,27.72,24.29,27.53,27.48,21.66,18.28,17.61,11.25
25 Temmuz 2023,37.06,29.60,35.08,35.03,22.35,18.98,18.26,13.95
26 Temmuz 2023,37.06,30.38,35.08,35.03,26.07,22.40,19.67,14.19
12 Ağustos 2023,37.16,32.80,39.48,39.44,28.73,24.79,21.61,16.22
17 Ağustos 2023,38.82,32.80,39.56,39.52,28.73,24.79,21.61,16.22
19 Ağustos 2023,38.82,32.80,38.04,38.00,27.93,24.02,21.01,16.22
23 Ağustos 2023,38.87,32.80,39.10,39.06,27.93,24.02,21.01,16.22
27 Kasım 2020,7.14,5.45,6.77,6.74,4.67,4.31,3.84,4.09
10 Aralık 2020,7.14,5.45,6.77,6.74,4.70,4.31,3.78,4.09
16 Aralık 2020,7.33,5.62,6.77,6.74,4.70,4.31,3.78,4.09
12 Ocak 2021,7.37,5.62,6.81,6.78,4.81,4.23,3.81,4.09
14 Ocak 2021,7.37,5.85,6.81,6.78,4.99,4.44,4.04,4.09
16 Şubat 2021,7.40,5.85,6.87,6.84,5.25,4.76,4.08,4.09
26 Şubat 2021,7.40,6.01,6.87,6.84,5.60,5.10,4.34,4.09
02 Mart 2021,7.41,6.28,6.87,6.84,5.60,5.10,4.34,4.09
26 Mart 2021,7.27,6.46,6.65,6.63,5.84,5.29,4.60,4.19
30 Mart 2021,7.27,6.50,6.65,6.63,5.87,5.30,4.61,4.19
09 Nisan 2021,7.27,6.50,6.65,6.63,5.87,5.30,4.61,4.09
24 Mayıs 2021,7.84,7.14,7.44,7.41,6.22,5.54,4.88,4.44
29 Mayıs 2021,7.93,7.14,7.44,7.41,6.31,5.55,4.99,4.44
23 Haziran 2021,7.93,7.68,7.44,7.41,6.82,6.03,5.36,4.44
27 Temmuz 2021,7.95,7.62,7.46,7.43,6.80,6.06,5.33,4.92
10 Ağustos 2021,7.95,7.62,7.48,7.45,6.80,6.06,5.33,5.09
24 Eylül 2021,7.97,7.89,7.50,7.47,7.10,6.32,5.53,5.24
29 Eylül 2021,7.97,8.47,7.50,7.47,7.50,6.70,5.89,5.24
06 Ekim 2021,7.97,8.47,7.50,7.47,7.86,6.99,6.26,5.95
21 Ekim 2021,8.14,9.47,8.39,8.36,8.38,7.37,6.54,6.17
27 Ekim 2021,8.86,9.47,8.39,8.36,8.38,7.37,6.54,6.17
29 Ekim 2021,8.61,9.47,8.39,8.36,8.43,7.43,6.40,6.17
11 Kasım 2021,8.29,9.47,8.39,8.36,8.43,7.43,6.40,6.67
23 Kasım 2021,8.81,10.01,8.89,8.86,8.88,7.91,6.70,7.58
01 Aralık 2021,9.87,10.69,9.54,9.51,9.89,8.89,7.48,8.23
03 Aralık 2021,9.73,10.69,9.54,9.51,9.89,8.89,7.48,8.23
08 Aralık 2021,9.73,11.31,10.20,10.17,9.89,8.89,7.48,8.23
23 Aralık 2021,11.79,11.25,11.69,11.65,10.12,8.95,7.68,8.94
25 Aralık 2021,11.79,10.43,11.64,11.60,9.25,8.16,7.10,8.94
14 Ocak 2022,13.75,13.47,13.93,13.89,11.51,10.18,8.79,9.33
20 Ocak 2022,14.24,13.47,14.51,14.47,11.51,10.18,8.79,9.33
28 Ocak 2022,14.26,13.47,14.51,14.47,12.17,10.73,9.38,9.33
20 Şubat 2022,15.42,14.44,15.74,15.70,13.01,11.52,9.76,9.72
26 Şubat 2022,16.98,14.44,17.22,17.18,13.01,11.52,9.76,9.72
08 Mart 2022,19.47,19.04,21.45,21.41,17.08,14.48,11.89,10.66
19 Mart 2022,18.23,18.93,20.89,20.85,16.08,13.37,11.28,11.12
23 Mart 2022,19.91,20.58,22.48,22.44,17.49,14.55,12.43,11.12
30 Mart 2022,19.91,20.29,22.30,22.26,17.34,14.34,12.84,11.12
15 Nisan 2022,19.23,19.48,22.23,22.21,16.09,13.15,11.43,11.75
23 Nisan 2022,19.23,20.66,22.28,22.24,16.09,13.15,11.43,11.75
06 Mayıs 2022,20.56,22.65,22.28,22.24,16.65,13.22,12.05,10.77
26 Mayıs 2022,23.07,21.54,22.31,22.27,17.63,14.64,13.12,11.49
28 Mayıs 2022,25.20,23.22,24.66,24.62,18.76,15.16,13.64,11.49
01 Haziran 2022,25.24,23.98,24.68,24.64,18.76,15.16,13.64,11.49
11 Haziran 2022,28.64,27.49,28.11,28.07,20.87,16.34,13.29,12.16
16 Haziran 2022,27.68,27.49,29.38,29.33,21.51,16.82,13.86,12.16
21 Haziran 2022,27.74,27.49,30.22,30.17,20.64,15.56,12.70,12.16
29 Haziran 2022,27.48,27.49,27.72,27.67,20.64,15.56,12.70,12.16
08 Temmuz 2022,25.39,21.73,24.84,24.78,17.62,13.54,11.59,10.40
15 Temmuz 2022,23.88,22.64,25.70,25.63,17.95,13.58,11.18,10.71
27 Temmuz 2022,22.47,22.64,24.75,24.71,18.49,14.73,11.90,10.71
09 Ağustos 2022,20.28,21.38,23.64,23.60,18.24,15.21,11.97,11.21
11 Ağustos 2022,20.28,21.43,23.46,23.41,18.04,15.15,11.23,11.21
16 Ağustos 2022,21.39,22.75,23.46,23.41,18.04,15.15,11.23,11.21
02 Eylül 2022,20.38,25.07,27.15,27.11,18.50,14.86,9.91,11.21
06 Eylül 2022,19.47,23.41,25.47,25.42,18.51,15.01,9.70,10.81
08 Eylül 2022,19.47,23.41,25.10,25.05,18.51,15.01,9.70,10.81
17 Eylül 2022,19.47,20.18,25.10,25.05,16.98,14.31,8.12,10.81
20 Eylül 2022,19.47,20.18,23.34,23.29,16.98,14.31,8.12,10.81
05 Ekim 2022,20.15,21.32,24.52,24.47,17.79,14.37,10.04,10.81
13 Ekim 2022,20.89,22.36,26.68,26.63,18.68,14.43,10.66,10.06
03 Kasım 2022,21.67,22.26,26.69,26.64,18.27,14.43,10.50,10.06
15 Kasım 2022,22.98,23.71,25.11,25.06,17.73,13.84,10.82,10.56
06 Aralık 2022,20.52,21.60,23.28,23.23,16.32,12.74,10.09,10.65
15 Ocak 2016,4.22,2.74,3.41,3.39,1.81,1.86,1.63,-
04 Şubat 2016,4.22,2.81,3.43,3.41,1.87,1.95,1.75,-
25 Şubat 2016,4.04,2.76,3.47,3.45,1.83,1.89,1.68,-
03 Mart 2016,4.14,2.83,3.47,3.45,1.85,1.90,1.70,-
10 Mart 2016,4.22,2.89,3.62,3.60,1.94,1.97,1.75,-
15 Mart 2016,4.33,2.89,3.62,3.60,1.92,1.96,1.76,2.00
08 Nisan 2016,4.33,2.80,3.51,3.49,1.77,1.84,1.66,2.00
13 Nisan 2016,4.37,2.88,3.59,3.57,1.88,1.95,1.77,2.00
21 Nisan 2016,4.36,2.92,3.65,3.63,1.88,1.95,1.77,2.00
29 Nisan 2016,4.42,2.96,3.72,3.70,1.94,1.98,1.80,2.00
17 Mayıs 2016,4.53,3.09,3.83,3.81,2.12,2.06,1.97,2.00
24 Mayıs 2016,4.58,3.14,3.90,3.88,2.21,2.07,2.00,2.00
09 Haziran 2016,4.49,3.17,3.90,3.88,2.24,2.10,2.00,2.00
18 Haziran 2016,4.49,3.17,3.90,3.88,2.20,2.08,1.95,2.00
22 Temmuz 2016,4.39,3.05,3.82,3.80,2.23,2.15,2.01,2.00
27 Temmuz 2016,4.39,3.07,3.82,3.80,2.22,2.18,2.03,2.00
02 Ağustos 2016,4.34,2.98,3.73,3.71,2.22,2.18,2.03,2.00
06 Ağustos 2016,4.34,2.96,3.72,3.70,2.16,2.15,1.97,2.00
03 Eylül 2016,4.47,3.11,3.87,3.85,2.30,2.26,2.09,2.00
10 Eylül 2016,4.78,3.36,4.11,4.09,2.26,2.24,2.07,2.00
04 Ekim 2016,4.72,3.33,4.11,4.09,2.35,2.31,2.10,2.00
03 Kasım 2016,4.87,3.53,4.21,4.19,2.39,2.36,2.17,2.00
15 Kasım 2016,4.79,3.46,4.16,4.14,2.39,2.36,2.17,2.00
22 Kasım 2016,4.79,3.59,4.25,4.23,2.55,2.52,2.31,2.00
06 Aralık 2016,5.10,3.89,4.52,4.50,2.63,2.68,2.49,2.00
03 Ocak 2017,5.20,4.05,4.65,4.63,2.87,2.78,2.67,3.00
12 Ocak 2017,5.30,4.05,4.65,4.63,3.01,2.96,2.78,3.00
26 Ocak 2017,5.45,4.19,4.74,4.72,2.99,2.90,2.78,3.00
10 Şubat 2017,5.39,4.19,4.74,4.72,3.02,2.92,2.76,3.00
10 Mart 2017,5.27,4.08,4.67,4.65,2.91,2.80,2.73,3.00
24 Mart 2017,5.19,4.03,4.60,4.58,2.65,2.56,2.47,3.00
04 Nisan 2017,5.19,4.04,4.52,4.50,2.75,2.65,2.54,2.00
11 Nisan 2017,5.41,4.17,4.73,4.71,2.86,2.66,2.52,2.00
18 Mayıs 2017,5.17,3.64,4.57,4.55,2.67,2.40,2.31,2.00
25 Mayıs 2017,5.25,3.80,4.65,4.63,2.72,2.44,2.34,2.00
07 Haziran 2017,5.14,3.67,4.53,4.51,2.55,2.32,2.20,2.00
13 Haziran 2017,5.07,3.56,4.45,4.43,2.55,2.32,2.20,2.00
27 Temmuz 2017,5.13,3.69,4.55,4.53,2.62,2.32,2.28,2.00
22 Ağustos 2017,5.23,3.79,4.60,4.58,2.62,2.32,2.28,3.00
27 Eylül 2017,5.32,3.99,4.87,4.85,2.81,2.47,2.40,3.00
17 Ekim 2017,5.32,3.99,4.87,4.85,2.89,2.56,2.47,3.00
10 Kasım 2017,5.67,4.40,5.04,5.02,3.20,2.85,2.77,3.00
22 Kasım 2017,5.60,4.40,5.17,5.15,3.17,2.81,2.75,3.00
08 Aralık 2017,5.54,4.40,5.17,5.15,3.17,2.81,2.75,3.00
22 Aralık 2017,5.63,4.40,5.17,5.15,3.17,2.81,2.70,3.00
12 Ocak 2018,5.63,4.50,5.25,5.22,3.21,2.85,2.73,3.00
02 Şubat 2018,5.84,4.50,5.28,5.25,3.21,2.85,2.73,3.00
14 Şubat 2018,5.58,4.36,5.11,5.08,3.11,2.74,2.67,3.00
06 Mart 2018,5.69,4.51,5.24,5.21,3.11,2.74,2.67,3.23
07 Nisan 2018,5.97,4.78,5.42,5.39,3.24,2.81,2.73,3.34
12 Nisan 2018,5.97,4.78,5.60,5.57,3.24,2.81,2.73,3.34
13 Nisan 2018,5.97,5.08,5.73,5.70,3.47,3.00,2.89,3.34
29 Mayıs 2018,6.28,5.69,5.82,5.79,4.18,3.64,3.56,3.52
30 Mayıs 2018,6.28,5.69,5.82,5.79,4.01,3.49,3.41,3.52
31 Mayıs 2018,6.28,5.55,5.82,5.79,4.01,3.49,3.41,3.52
16 Ağustos 2018,6.93,6.95,6.40,6.37,5.35,4.65,4.60,3.86
17 Ağustos 2018,6.93,6.50,6.40,6.37,4.93,4.28,4.24,3.86
19 Eylül 2018,6.99,6.68,6.42,6.39,5.16,4.47,4.38,3.86
26 Eylül 2018,6.99,6.68,6.42,6.39,5.16,4.47,4.38,3.86
27 Eylül 2018,6.99,6.68,6.42,6.39,5.28,4.60,4.48,3.86
04 Ekim 2018,6.99,6.91,6.42,6.39,5.28,4.60,4.48,3.86
18 Ekim 2018,7.04,6.57,6.46,6.43,5.02,4.40,4.29,3.86
20 Ekim 2018,7.07,6.57,6.49,6.46,5.02,4.40,4.29,3.86
27 Kasım 2018,6.27,5.43,6.23,6.19,4.06,3.58,3.47,3.86
29 Kasım 2018,6.22,5.38,6.18,6.14,4.01,3.53,3.42,3.86
04 Aralık 2018,6.22,5.38,6.18,6.14,4.01,3.53,3.42,3.59
10 Ocak 2019,6.15,5.29,6.02,5.98,3.95,3.50,3.30,3.59
11 Ocak 2019,6.15,5.47,6.02,5.98,4.06,3.59,3.45,3.59
15 Ocak 2019,6.31,5.47,6.22,6.18,4.06,3.59,3.45,3.59
16 Ocak 2019,6.31,5.47,6.22,6.18,4.06,3.59,3.45,3.64
02 Mart 2019,6.52,5.55,6.50,6.46,4.32,3.85,3.70,3.90
12 Mart 2019,6.68,5.55,6.50,6.46,4.32,3.85,3.70,3.90
19 Mart 2019,6.81,5.55,6.50,6.46,4.32,3.85,3.70,3.90
03 Mayıs 2019,7.16,6.09,6.59,6.55,4.82,4.27,4.08,3.90
07 Mayıs 2019,7.16,6.09,6.59,6.55,4.82,4.27,4.08,3.90
11 Mayıs 2019,7.17,6.09,6.62,6.58,4.82,4.27,4.08,3.90
15 Mayıs 2019,7.17,6.22,6.62,6.58,4.82,4.27,4.08,3.90
20 Haziran 2019,6.93,5.66,6.45,6.41,4.34,3.88,3.55,3.79
25 Haziran 2019,6.93,5.66,6.66,6.62,4.34,3.88,3.55,3.79
27 Haziran 2019,6.93,5.66,6.66,6.62,4.50,4.05,3.74,3.79
28 Haziran 2019,6.93,5.85,6.66,6.62,4.50,4.05,3.74,3.79
25 Temmuz 2019,7.13,5.76,6.58,6.54,4.28,3.82,3.58,3.61
31 Temmuz 2019,7.13,5.76,6.58,6.54,4.41,4.00,3.59,3.61
02 Ağustos 2019,7.13,5.76,6.58,6.54,4.41,4.00,3.59,3.39
07 Ağustos 2019,7.13,5.51,6.58,6.54,4.16,3.73,3.33,3.39
06 Eylül 2019,6.90,5.65,6.52,6.48,3.98,3.44,2.90,3.48
07 Eylül 2019,6.90,5.65,6.52,6.48,4.16,3.65,3.06,3.48
13 Eylül 2019,6.90,5.65,6.52,6.48,4.12,3.55,2.95,3.48
17 Eylül 2019,6.90,5.65,6.59,6.55,4.13,3.64,3.04,3.48
15 Ekim 2019,7.00,5.71,6.64,6.60,4.33,3.90,2.92,3.81
16 Ekim 2019,7.00,5.71,6.64,6.60,4.31,3.89,2.78,3.81
12 Aralık 2019,7.03,5.71,6.68,6.64,4.55,4.27,2.80,3.96
13 Aralık 2019,7.03,5.71,6.68,6.64,4.44,4.15,2.69,3.96
18 Aralık 2019,7.03,5.71,6.68,6.64,4.59,4.28,2.78,3.96
19 Aralık 2019,7.03,5.71,6.68,6.64,4.70,4.41,2.84,3.96
29 Ocak 2020,6.91,5.49,6.58,6.54,4.41,4.21,3.05,3.96
29 Şubat 2020,6.82,5.06,6.45,6.41,3.97,3.67,3.00,3.96
03 Mart 2020,6.82,5.06,6.45,6.41,3.92,3.59,2.98,3.96
04 Mart 2020,6.82,5.06,6.45,6.41,4.01,3.68,3.04,3.96
05 Mart 2020,6.82,5.06,6.45,6.41,4.01,3.68,3.04,3.91
10 Mart 2020,6.82,5.06,6.45,6.41,3.64,3.29,2.82,3.91
11 Mart 2020,6.22,4.42,5.93,5.89,3.17,2.78,2.38,3.91
12 Mart 2020,6.22,4.49,5.93,5.89,3.31,2.99,2.40,3.91
13 Mart 2020,6.22,4.49,5.93,5.89,3.31,2.96,2.31,3.91
14 Mart 2020,5.71,4.49,5.93,5.89,3.12,2.77,2.22,3.91
17 Mart 2020,5.78,4.32,5.93,5.89,3.13,2.77,2.26,3.91
18 Mart 2020,5.53,4.05,5.93,5.89,2.94,2.59,2.12,3.91
19 Mart 2020,5.53,4.00,5.66,5.62,2.89,2.51,2.14,3.91
20 Mart 2020,5.37,3.65,5.46,5.42,2.70,2.34,2.00,3.91
21 Mart 2020,5.41,3.76,5.57,5.53,2.82,2.44,2.12,3.99
24 Mart 2020,5.41,3.87,5.57,5.53,2.86,2.48,2.16,3.99
25 Mart 2020,5.19,3.70,5.57,5.53,2.79,2.41,2.10,3.99
07 Mayıs 2020,5.75,3.41,5.49,5.45,2.93,2.66,2.26,3.41
09 Mayıs 2020,5.90,3.64,5.55,5.51,2.94,2.64,2.28,3.41
14 Mayıs 2020,5.71,3.47,5.55,5.51,2.91,2.62,2.21,3.41
30 Mayıs 2020,6.06,4.02,5.74,5.70,3.14,2.89,2.45,3.41
26 Haziran 2020,6.40,4.60,6.13,6.10,3.56,3.22,2.90,3.61
30 Haziran 2020,6.27,4.43,5.96,5.93,3.56,3.22,2.90,3.61
02 Temmuz 2020,6.38,4.43,6.06,6.03,3.56,3.22,2.90,3.93
25 Ağustos 2020,6.71,4.73,6.31,6.28,3.89,3.57,3.23,3.99
27 Ağustos 2020,6.93,4.73,6.31,6.28,4.07,3.72,3.41,3.99
18 Eylül 2020,6.66,4.48,5.93,5.90,3.95,3.62,3.32,4.09
22 Eylül 2020,7.02,4.72,6.23,6.20,4.06,3.72,3.39,4.09
24 Eylül 2020,6.82,4.60,6.11,6.08,4.06,3.72,3.39,4.09
30 Eylül 2020,6.82,4.74,6.11,6.08,4.06,3.72,3.39,4.09
16 Ekim 2020,6.96,4.91,6.34,6.31,4.32,3.99,3.55,4.09
31 Ekim 2020,6.84,4.91,6.34,6.31,4.09,3.78,3.44,4.09
04 Kasım 2020,6.68,4.85,6.22,6.19,4.23,3.92,3.52,4.09
24 Mayıs 2011,4.17,2.92,-,3.49,2.29,-,2.07,-
09 Haziran 2011,4.18,3.01,-,3.58,2.35,-,2.13,-
08 Temmuz 2011,4.25,2.98,-,3.55,2.36,-,2.17,-
15 Temmuz 2011,4.35,3.07,-,3.65,2.43,-,2.18,-
15 Eylül 2011,4.33,3.18,-,3.73,2.50,-,2.33,-
14 Ekim 2011,4.35,3.18,-,3.73,2.59,-,2.45,-
12 Kasım 2011,4.28,3.29,-,3.77,2.59,-,3.41,-
24 Kasım 2011,4.28,3.29,-,3.84,2.59,-,3.37,-
03 Aralık 2011,4.24,3.29,-,3.84,2.62,-,3.37,-
27 Aralık 2011,4.33,3.24,-,3.77,2.62,2.31,2.30,-
01 Ocak 2012,4.33,3.24,-,3.77,2.78,2.40,2.36,-
21 Şubat 2012,4.46,3.25,-,3.78,2.83,2.44,2.27,-
28 Şubat 2012,4.46,3.33,-,3.85,2.88,2.54,2.27,-
04 Nisan 2012,4.73,3.33,-,3.99,2.95,2.66,2.31,-
21 Nisan 2012,4.61,3.33,-,3.94,2.90,2.58,2.25,-
23 Haziran 2012,4.24,3.03,-,3.64,2.62,2.28,1.98,-
04 Temmuz 2012,4.21,3.03,-,3.64,2.70,2.37,2.03,-
24 Temmuz 2012,4.33,3.21,-,3.83,2.86,2.52,2.14,-
17 Ağustos 2012,4.51,3.29,-,3.87,2.98,2.69,2.33,-
24 Ağustos 2012,4.61,3.29,-,3.94,2.98,2.69,2.33,-
29 Eylül 2012,4.84,3.48,-,4.29,2.66,2.63,2.30,-
13 Ekim 2012,4.92,3.60,-,4.29,2.66,2.63,2.30,-
10 Kasım 2012,4.63,3.39,-,4.09,2.53,2.50,2.17,-
21 Kasım 2012,4.63,3.48,-,4.09,2.54,2.50,2.20,-
23 Ocak 2013,4.71,3.46,-,4.13,2.62,2.58,2.25,-
01 Şubat 2013,4.88,3.46,-,4.13,2.62,2.58,2.25,-
09 Mart 2013,4.76,3.46,-,4.15,2.65,2.59,2.28,-
20 Mart 2013,4.76,3.46,-,4.15,2.60,2.55,2.28,-
24 Nisan 2013,4.57,3.23,4.05,3.97,2.47,2.44,2.18,-
10 Mayıs 2013,4.57,3.23,4.12,4.04,2.53,2.52,2.22,-
11 Haziran 2013,4.73,3.43,4.19,4.11,2.54,2.61,2.28,-
22 Haziran 2013,4.73,3.43,4.28,4.20,2.56,2.66,2.32,-
14 Ağustos 2013,4.82,3.57,4.31,4.23,2.62,2.69,2.41,-
23 Ağustos 2013,4.93,3.64,4.39,4.31,2.62,2.69,2.41,-
14 Eylül 2013,4.83,3.67,4.56,4.48,2.77,2.84,2.49,-
20 Eylül 2013,4.83,3.67,4.41,4.33,2.69,2.76,2.45,-
25 Eylül 2013,4.75,3.56,4.41,4.33,2.69,2.76,2.45,-
16 Kasım 2013,4.79,3.56,4.41,4.33,2.68,2.77,2.43,-
05 Aralık 2013,4.79,3.64,4.41,4.33,2.76,2.85,2.44,-
27 Aralık 2013,4.94,3.75,4.50,4.42,2.76,2.81,2.50,-
02 Ocak 2014,4.94,3.75,4.59,4.51,2.76,2.81,2.50,-
15 Şubat 2014,5.07,3.80,4.65,4.57,2.89,3.02,2.59,-
02 Nisan 2014,5.01,3.81,4.33,4.33,2.93,3.06,2.63,-
08 Nisan 2014,4.97,3.70,4.29,4.29,2.85,2.98,2.57,-
16 Nisan 2014,5.05,3.70,4.32,4.32,2.85,2.98,2.57,-
26 Nisan 2014,5.08,3.70,4.36,4.36,2.85,2.98,2.57,-
21 Mayıs 2014,4.99,3.70,4.29,4.29,2.81,2.91,2.55,-
24 Mayıs 2014,5.00,3.69,4.35,4.35,2.94,2.93,2.51,-
04 Haziran 2014,5.00,3.69,4.35,4.34,2.94,2.93,2.51,-
20 Haziran 2014,5.11,3.76,4.48,4.47,2.94,2.93,2.51,-
09 Eylül 2014,4.98,3.66,4.32,4.30,2.90,2.82,2.52,-
11 Ekim 2014,4.90,3.60,4.23,4.21,2.84,2.77,2.48,-
17 Ekim 2014,4.72,3.50,4.23,4.21,2.66,2.59,2.31,-
29 Kasım 2014,4.44,3.36,3.89,3.87,2.49,2.44,2.14,-
09 Aralık 2014,4.37,3.23,3.89,3.87,2.33,2.31,2.00,-
17 Aralık 2014,4.24,3.17,3.78,3.76,2.26,2.24,1.94,-
25 Aralık 2014,4.24,3.15,3.74,3.72,2.25,2.24,1.92,-
09 Ocak 2015,4.13,2.95,3.57,3.55,2.04,2.05,1.75,-
15 Ocak 2015,4.05,2.82,3.51,3.49,2.04,2.05,1.75,-
20 Ocak 2015,4.10,2.88,3.57,3.55,2.00,2.01,1.73,-
10 Şubat 2015,4.30,3.10,3.86,3.84,2.27,2.25,1.97,-
14 Şubat 2015,4.36,3.22,3.92,3.90,2.33,2.30,2.02,-
24 Şubat 2015,4.36,3.23,3.81,3.81,2.23,2.39,2.06,-
05 Mart 2015,4.48,3.23,3.86,3.86,2.30,2.41,2.13,-
02 Nisan 2015,4.42,3.28,3.75,3.75,2.21,2.29,2.09,-
16 Nisan 2015,4.53,3.27,3.79,3.79,2.32,2.39,2.19,-
22 Nisan 2015,4.60,3.32,3.98,3.96,2.36,2.42,2.23,-
09 Mayıs 2015,4.71,3.45,4.07,4.05,2.50,2.49,2.28,-
23 Mayıs 2015,4.66,3.32,4.08,4.06,2.40,2.34,2.14,-
10 Haziran 2015,4.81,3.32,4.03,4.01,2.45,2.38,2.20,-
19 Haziran 2015,4.90,3.41,4.03,4.01,2.47,2.44,2.27,-
02 Temmuz 2015,4.76,3.33,4.04,4.02,2.44,2.41,2.23,-
05 Ağustos 2015,4.65,3.16,3.88,3.86,2.22,2.22,2.01,-
15 Ağustos 2015,4.56,3.10,3.80,3.78,2.20,2.17,1.99,-
25 Ağustos 2015,4.56,3.13,3.86,3.84,2.20,2.17,1.99,-
28 Ağustos 2015,4.36,3.13,3.77,3.75,2.10,2.06,1.90,-
11 Eylül 2015,4.55,3.29,3.94,3.92,2.24,2.19,2.03,-
19 Eylül 2015,4.51,3.29,3.94,3.92,2.25,2.19,2.04,-
07 Ekim 2015,4.51,3.24,3.94,3.92,2.27,2.23,2.06,-
15 Ekim 2015,4.51,3.24,3.82,3.80,2.21,2.21,2.03,-
12 Kasım 2015,4.38,3.13,3.79,3.77,2.16,2.16,1.92,-
19 Kasım 2015,4.29,3.01,3.73,3.71,2.05,2.07,1.81,-
04 Aralık 2015,4.41,3.07,3.73,3.71,2.02,2.06,1.79,-
09 Aralık 2015,4.29,3.00,3.66,3.64,1.96,2.00,1.72,-
18 Aralık 2015,4.29,2.89,3.54,3.52,1.91,1.98,1.72,-
26 Aralık 2015,4.29,2.89,3.54,3.52,1.90,1.94,1.70,-
12 Ocak 2016,4.29,2.85,3.46,3.44,1.84,1.89,1.65,-
09 Şubat 2016,4.15,2.81,3.47,3.45,1.83,1.90,1.71,-
12 Şubat 2016,4.02,2.68,3.47,3.45,1.78,1.86,1.66,-
17 Şubat 2016,4.10,2.76,3.47,3.45,1.83,1.89,1.68,-
20 Mart 2019,6.81,5.55,6.50,6.46,4.32,3.85,3.70,3.90
02 Temmuz 2019,7.20,5.85,6.66,6.62,4.50,4.05,3.74,3.61
05 Temmuz 2019,7.09,5.62,6.66,6.62,4.50,4.05,3.74,3.61
08 Ağustos 2019,6.86,5.51,6.58,6.54,4.16,3.73,3.33,3.39
09 Ağustos 2019,6.67,5.32,6.24,6.20,3.90,3.49,3.00,3.39
16 Ağustos 2019,6.67,5.43,6.24,6.20,3.90,3.49,3.00,3.39
17 Ağustos 2019,6.67,5.43,6.24,6.20,3.99,3.53,2.95,3.39
18 Eylül 2019,7.25,6.04,6.71,6.67,4.55,4.02,3.65,3.48
20 Eylül 2019,7.25,6.04,6.71,6.67,4.29,3.73,3.37,3.48
26 Eylül 2019,7.25,5.85,6.71,6.67,4.29,3.73,3.37,3.48
22 Ekim 2019,7.03,5.71,6.74,6.70,4.25,3.83,2.61,3.81
23 Ekim 2019,7.03,5.71,6.74,6.70,4.24,3.83,2.50,3.81
24 Ekim 2019,7.03,5.71,6.74,6.70,4.30,3.86,2.70,3.81
26 Ekim 2019,7.03,5.71,6.74,6.70,4.32,3.88,2.80,3.81
20 Aralık 2019,7.03,5.94,6.68,6.64,4.76,4.50,2.90,3.96
21 Aralık 2019,7.03,5.94,6.68,6.64,4.85,4.62,2.97,3.96
24 Aralık 2019,7.19,5.94,6.74,6.70,4.85,4.62,2.97,3.96
01 Ocak 2020,7.19,5.94,6.74,6.70,4.85,4.62,2.97,3.96
28 Ocak 2020,7.01,5.80,6.58,6.54,4.48,4.24,3.13,3.96
31 Ocak 2020,6.91,5.49,6.58,6.54,4.51,4.33,3.15,3.96
26 Mart 2020,5.26,3.83,5.57,5.53,2.89,2.51,2.14,3.99
27 Mart 2020,5.26,3.83,5.57,5.53,2.87,2.49,2.09,3.99
28 Mart 2020,5.39,3.83,5.57,5.53,2.90,2.52,2.13,3.99
31 Mart 2020,5.30,3.83,5.63,5.59,2.83,2.44,2.04,3.99
01 Nisan 2020,5.20,3.64,5.54,5.50,2.77,2.40,1.99,3.99
02 Nisan 2020,5.28,3.64,5.54,5.50,2.83,2.47,2.01,3.11
03 Nisan 2020,5.14,3.64,5.54,5.50,2.66,2.28,1.89,3.11
04 Nisan 2020,5.34,3.54,5.54,5.50,2.73,2.36,2.03,3.11
07 Nisan 2020,5.49,3.71,5.54,5.50,2.97,2.61,2.24,3.11
08 Nisan 2020,5.44,3.71,5.54,5.50,3.01,2.68,2.24,3.11
09 Nisan 2020,5.44,3.71,5.70,5.66,3.01,2.68,2.24,3.11
29 Nisan 2020,5.24,2.98,5.02,4.98,2.45,2.23,1.74,3.16
01 Mayıs 2020,5.40,3.16,5.02,4.98,2.51,2.25,1.87,3.16
16 Mayıs 2020,5.73,3.58,5.54,5.50,2.96,2.68,2.36,3.41
21 Mayıs 2020,6.06,3.99,5.74,5.70,3.18,2.88,2.59,3.41
29 Mayıs 2020,6.06,4.02,5.74,5.70,3.11,2.81,2.40,3.41
04 Haziran 2020,5.86,4.02,5.54,5.50,3.37,3.06,2.76,3.61
17 Haziran 2020,6.23,4.33,5.86,5.82,3.43,3.10,2.84,3.61
20 Haziran 2020,6.23,4.50,5.86,5.82,3.63,3.27,3.02,3.61
25 Haziran 2020,6.62,4.60,6.13,6.10,3.72,3.37,3.10,3.61
08 Temmuz 2020,6.48,4.52,6.16,6.13,3.72,3.37,3.01,3.93
23 Temmuz 2020,6.48,4.70,6.16,6.13,3.82,3.42,3.20,3.93
08 Ağustos 2020,6.48,4.73,6.31,6.28,3.94,3.57,3.29,3.93
05 Eylül 2020,6.77,4.48,6.31,6.28,3.84,3.54,3.29,4.09
10 Eylül 2020,6.77,4.48,5.93,5.90,3.69,3.41,3.17,4.09
15 Eylül 2020,6.66,4.48,5.93,5.90,3.71,3.41,3.17,4.09
06 Ekim 2020,6.80,4.63,6.11,6.08,4.01,3.73,3.23,4.09
08 Ekim 2020,6.96,4.91,6.34,6.31,4.25,3.95,3.38,4.09
06 Kasım 2020,6.90,5.10,6.52,6.49,4.44,4.10,3.68,4.09
17 Kasım 2020,6.77,5.10,6.52,6.49,4.44,4.10,3.68,4.09
20 Kasım 2020,6.77,5.10,6.50,6.47,4.30,3.99,3.51,4.09
24 Aralık 2020,7.33,5.62,6.77,6.74,4.84,4.44,3.95,4.09
17 Aralık 2020,7.33,5.62,6.77,6.74,4.84,4.44,3.95,4.09
01 Ocak 2021,7.37,5.62,6.81,6.78,4.81,4.23,3.81,4.09
26 Ocak 2021,7.37,5.85,6.81,6.78,4.99,4.44,4.04,4.09
06 Şubat 2021,7.37,5.70,6.81,6.78,5.13,4.66,3.99,4.09
10 Şubat 2021,7.39,5.85,6.87,6.84,5.13,4.66,3.99,4.09
11 Mart 2021,7.41,6.52,6.87,6.84,5.99,5.50,4.68,4.09
18 Mart 2021,7.27,6.52,6.65,6.63,5.82,5.26,4.64,4.09
24 Mart 2021,7.27,6.46,6.65,6.63,5.83,5.28,4.58,4.09
21 Nisan 2021,7.27,6.72,6.65,6.63,6.05,5.46,4.83,4.09
07 Mayıs 2021,7.27,7.14,6.65,6.63,6.39,5.72,5.06,4.09
20 Mayıs 2021,7.84,7.14,7.44,7.41,6.22,5.54,4.88,4.09
02 Temmuz 2021,7.95,7.68,7.46,7.43,6.82,6.03,5.36,4.83
09 Temmuz 2021,7.95,7.68,7.46,7.43,6.78,6.06,5.23,4.89
24 Ağustos 2021,7.95,7.38,7.48,7.45,6.32,5.60,4.93,5.09
01 Eylül 2021,7.95,7.38,7.48,7.45,6.65,5.88,5.27,5.09
16 Eylül 2021,7.97,7.57,7.50,7.47,6.85,6.17,5.33,5.09
08 Ekim 2021,7.97,8.83,7.73,7.70,8.01,7.09,6.44,5.95
19 Ekim 2021,8.11,9.47,8.37,8.34,8.01,7.09,6.44,5.95
16 Kasım 2021,8.29,9.47,8.39,8.36,8.57,7.62,6.39,6.92
19 Kasım 2021,8.29,9.47,8.39,8.36,8.88,7.91,6.70,6.92
20 Kasım 2021,8.81,10.01,8.89,8.86,8.88,7.91,6.70,7.38
26 Kasım 2021,9.87,11.59,9.98,9.95,10.68,9.57,8.12,8.23
10 Aralık 2021,10.54,11.75,10.55,10.51,10.83,9.71,8.09,8.23
31 Aralık 2021,12.47,10.43,11.64,11.60,9.25,8.16,7.10,8.27
05 Ocak 2022,13.12,11.74,12.99,12.95,10.58,9.34,8.17,9.03
08 Ocak 2022,13.75,12.82,13.92,13.89,11.51,10.18,8.79,9.03
12 Ocak 2022,13.75,12.82,13.93,13.89,11.51,10.18,8.79,9.33
04 Şubat 2022,14.65,13.47,14.83,14.79,12.17,10.73,9.38,9.72
08 Şubat 2022,14.65,14.44,15.63,15.59,13.01,11.52,9.76,9.72
03 Mart 2022,17.63,16.21,17.80,17.76,14.72,13.00,10.52,10.66
04 Mart 2022,18.16,17.37,19.13,19.09,15.70,13.73,10.98,10.66
12 Mart 2022,20.61,18.21,23.11,23.07,17.27,15.34,12.66,11.12
16 Mart 2022,18.85,18.21,19.94,19.90,16.09,13.86,11.86,11.12
18 Mart 2022,18.23,16.78,18.93,18.89,15.09,12.87,11.21,11.12
01 Nisan 2022,19.91,19.48,21.41,21.38,16.97,14.23,12.81,11.12
05 Nisan 2022,19.21,19.48,21.47,21.44,16.45,13.76,12.31,11.75
09 Nisan 2022,19.21,19.48,21.47,21.44,15.24,12.65,10.91,11.75
13 Mayıs 2022,21.38,22.65,22.31,22.27,16.65,13.22,12.05,10.77
17 Mayıs 2022,23.06,21.54,22.31,22.27,17.15,13.98,12.23,11.13
19 Mayıs 2022,24.09,21.54,22.31,22.27,17.82,14.81,13.20,11.13
04 Haziran 2022,26.46,24.73,26.16,26.12,19.63,15.49,13.02,11.49
09 Haziran 2022,26.46,26.09,28.10,28.05,19.63,15.49,13.02,11.62
05 Temmuz 2022,25.39,24.30,26.93,26.87,19.31,14.92,12.69,10.40
06 Temmuz 2022,25.39,24.30,26.93,26.87,19.31,14.92,12.69,10.40
20 Temmuz 2022,22.96,22.64,25.68,25.63,17.95,13.58,11.18,10.71
30 Temmuz 2022,22.49,22.64,24.77,24.73,18.49,14.73,11.90,11.11
03 Ağustos 2022,22.49,22.64,24.77,24.73,18.24,15.21,11.97,11.11
06 Ağustos 2022,20.26,22.64,23.62,23.58,18.24,15.21,11.97,11.21
20 Ağustos 2022,20.58,22.75,25.31,25.26,18.04,15.15,11.23,11.21
24 Ağustos 2022,21.39,22.75,25.31,25.26,18.66,14.77,10.71,11.21
26 Ağustos 2022,21.39,25.07,27.13,27.08,19.17,15.35,11.18,11.21
30 Ağustos 2022,20.38,25.07,27.15,27.11,19.17,15.35,11.18,11.21
09 Eylül 2022,19.47,23.41,25.10,25.05,17.94,14.36,8.62,10.81
14 Eylül 2022,19.47,23.41,25.10,25.05,18.41,14.72,9.23,10.81
27 Eylül 2022,19.48,21.32,23.37,23.32,16.98,14.31,8.12,10.81
06 Ekim 2022,20.89,21.32,25.91,25.85,18.47,14.60,10.48,10.06
14 Ekim 2022,20.91,23.68,26.71,26.66,18.67,14.09,10.21,10.06
04 Kasım 2022,22.98,22.26,26.69,26.64,18.27,14.43,10.50,10.56
17 Kasım 2022,22.21,22.69,25.11,25.06,17.73,13.84,10.82,10.65
25 Kasım 2022,20.45,22.69,24.20,24.14,16.24,12.33,9.91,10.65
08 Aralık 2022,18.39,19.28,21.39,21.34,15.29,12.24,9.65,10.65
16 Aralık 2022,18.86,19.28,21.44,21.39,14.86,11.70,9.77,10.70
17 Aralık 2022,18.86,21.07,23.14,23.09,15.74,11.94,9.76,10.70
31 Aralık 2022,19.83,20.31,22.44,22.39,16.00,12.56,10.28,10.70
11 Ocak 2023,19.28,20.43,22.58,22.53,15.00,11.79,9.27,10.75
20 Ocak 2023,20.79,21.90,23.70,23.65,16.59,12.89,10.18,10.75
27 Ocak 2023,21.49,23.41,23.96,23.90,16.35,12.61,9.92,10.75
28 Ocak 2023,21.54,23.41,24.01,23.95,16.35,12.61,9.92,10.75
04 Şubat 2023,21.64,20.26,21.78,21.73,16.35,12.61,9.92,11.90
14 Şubat 2023,21.41,19.65,21.89,21.84,15.67,13.10,9.91,11.90
01 Mart 2023,21.19,18.74,21.51,21.46,15.31,12.58,10.19,11.90
11 Mart 2023,21.31,19.46,22.53,22.48,15.40,12.54,10.64,11.97
14 Mart 2023,21.31,18.72,22.53,22.48,15.51,12.47,11.55,11.97
21 Mart 2023,21.40,16.85,21.42,21.37,13.98,11.02,10.52,11.97
24 Mart 2023,21.40,17.33,21.42,21.37,14.70,11.63,10.74,11.97
04 Nisan 2023,22.18,18.01,21.38,21.33,15.02,12.26,11.21,10.18
11 Nisan 2023,23.30,18.83,22.05,22.00,15.88,13.17,12.21,10.41
12 Nisan 2023,23.29,18.83,22.02,21.97,15.88,13.17,12.21,10.41
29 Nisan 2023,21.18,17.48,20.65,20.60,15.05,13.04,11.45,10.81
10 Mayıs 2023,20.64,16.64,19.54,19.49,14.60,12.52,11.43,10.56
30 Mayıs 2023,22.08,16.64,20.30,20.25,15.16,12.92,11.80,10.56
03 Haziran 2023,22.08,17.18,20.30,20.25,15.16,12.92,11.80,10.16
10 Haziran 2023,24.78,19.75,23.03,22.98,17.55,14.88,13.13,10.68
13 Haziran 2023,24.87,19.75,23.18,23.13,17.55,14.88,13.13,10.68
27 Haziran 2023,25.02,20.96,25.00,24.95,19.38,16.56,14.88,11.34
12 Temmuz 2023,27.67,24.29,27.48,27.43,20.56,17.55,17.01,11.25
13 Temmuz 2023,27.67,24.29,27.48,27.43,21.66,18.28,17.61,11.25
18 Temmuz 2023,35.06,27.61,33.54,33.49,22.35,18.98,18.26,13.95
21 Temmuz 2023,35.06,27.61,35.08,35.03,22.35,18.98,18.26,13.95
22 Eylül 2023,39.77,34.96,41.32,41.28,29.86,24.89,23.18,17.55
29 Eylül 2023,37.89,34.96,41.38,41.34,29.25,24.81,22.46,17.55
04 Ekim 2023,37.89,34.96,41.38,41.34,29.25,24.81,22.46,18.38
06 Ekim 2023,34.74,34.96,41.45,41.41,27.74,23.17,21.05,18.38
10 Ekim 2023,34.80,32.13,38.59,38.55,26.88,22.69,20.13,18.38
17 Ekim 2023,34.83,35.05,40.88,40.84,27.83,23.79,20.59,18.38
21 Ekim 2023,36.31,35.05,40.88,40.84,29.18,24.98,21.78,18.38
31 Ekim 2023,36.31,33.26,39.31,39.27,28.09,24.37,19.66,18.38
02 Kasım 2023,35.69,33.26,39.35,39.31,28.09,24.37,19.66,18.38
07 Kasım 2023,35.78,33.26,39.33,39.29,28.09,24.37,19.66,18.46
14 Kasım 2023,35.78,33.26,37.69,37.65,27.04,23.24,18.44,18.46
17 Kasım 2023,35.82,33.26,38.87,38.83,27.04,23.24,18.44,18.46
22 Kasım 2023,35.84,33.26,38.89,38.85,27.52,23.90,19.55,18.46
02 Aralık 2023,35.85,33.26,38.90,38.86,27.52,23.90,19.55,18.46
06 Aralık 2023,35.85,31.81,38.90,38.86,26.61,22.91,19.48,18.46
08 Aralık 2023,35.91,30.03,36.80,36.76,25.61,22.07,17.88,18.46
15 Şubat 2024,42.59,36.52,45.82,45.77,29.76,24.20,22.31,20.34
21 Şubat 2024,42.63,35.46,44.65,44.60,29.76,24.20,22.31,20.34
22 Şubat 2024,41.87,35.46,43.55,43.50,29.82,25.38,22.27,20.34
01 Mart 2024,41.87,35.46,42.20,42.15,29.82,25.38,22.27,20.79
05 Mart 2024,41.90,35.46,42.27,42.22,30.77,26.74,22.86,21.64
13 Mart 2024,41.93,34.29,42.29,42.24,30.34,26.40,21.44,21.64
20 Mart 2024,43.56,35.81,43.48,43.43,31.83,27.51,23.42,21.64
22 Mart 2024,44.92,35.81,44.61,44.56,31.83,27.51,23.42,22.21
26 Mart 2024,44.96,35.81,43.64,43.59,31.83,27.51,23.42,22.21
08 Ocak 2011,3.88,2.74,-,3.29,2.02,-,1.77,-
15 Ocak 2011,3.96,2.81,-,3.36,2.08,-,1.77,-
03 Şubat 2011,3.96,2.86,-,3.42,2.16,-,1.88,-
23 Şubat 2011,4.04,2.86,-,3.42,2.19,-,1.94,-
01 Mart 2011,4.09,2.98,-,3.50,2.30,-,2.02,-
09 Mart 2011,4.17,3.06,-,3.62,2.37,-,2.08,-
17 Mart 2011,4.05,3.01,-,3.62,2.37,-,2.08,-
29 Mart 2011,4.15,3.01,-,3.58,2.37,-,2.06,-
20 Nisan 2011,4.22,3.01,-,3.58,2.37,-,2.07,-
10 Mayıs 2011,4.21,2.92,-,3.49,2.37,-,2.11,-
18 Mayıs 2011,4.21,2.92,-,3.49,2.33,-,2.13,-
28 Mayıs 2011,4.24,3.01,-,3.58,2.35,-,2.13,-
16 Haziran 2011,4.18,3.01,-,3.58,2.42,-,2.17,-
25 Haziran 2011,4.18,3.01,-,3.58,2.33,-,2.14,-
30 Haziran 2011,4.18,2.98,-,3.51,2.33,-,2.14,-
06 Temmuz 2011,4.18,2.98,-,3.55,2.36,-,2.17,-
12 Temmuz 2011,4.25,3.07,-,3.65,2.43,-,2.18,-
23 Temmuz 2011,4.35,3.16,-,3.73,2.52,-,2.31,-
05 Ağustos 2011,4.35,3.16,-,3.73,2.52,-,2.31,-
19 Ağustos 2011,4.35,3.18,-,3.73,2.44,-,2.28,-
06 Eylül 2011,4.44,3.18,-,3.73,2.50,-,2.33,-
07 Ekim 2011,4.28,3.18,-,3.73,2.50,-,2.33,-
01 Kasım 2011,4.28,3.31,-,3.77,2.59,-,3.37,-
11 Kasım 2011,4.28,3.19,-,3.77,2.59,-,3.41,-
16 Kasım 2011,4.28,3.29,-,3.85,2.59,-,3.41,-
25 Kasım 2011,4.24,3.29,-,3.84,2.59,-,3.37,-
14 Aralık 2011,4.24,3.24,-,3.84,2.62,2.31,3.27,-
24 Aralık 2011,4.33,3.24,-,3.77,2.62,2.31,3.27,-
28 Aralık 2011,4.33,3.24,-,3.77,2.78,2.40,2.36,-
07 Ocak 2012,4.33,3.24,-,3.77,2.87,2.48,2.36,-
10 Ocak 2012,4.33,3.32,-,3.85,2.87,2.48,2.36,-
20 Ocak 2012,4.38,3.32,-,3.85,2.83,2.43,2.35,-
26 Ocak 2012,4.38,3.24,-,3.77,2.83,2.43,2.35,-
24 Şubat 2012,4.46,3.25,-,3.85,2.88,2.54,2.27,-
09 Mart 2012,4.57,3.33,-,3.87,2.88,2.54,2.27,-
10 Mart 2012,4.57,3.33,-,3.87,2.95,2.64,2.29,-
20 Mart 2012,4.65,3.33,-,3.99,2.95,2.64,2.29,-
29 Mart 2012,4.73,3.33,-,3.99,3.00,2.67,2.36,-
11 Nisan 2012,4.73,3.33,-,3.94,2.95,2.66,2.31,-
08 Mayıs 2012,4.38,3.20,-,3.79,2.90,2.58,2.25,-
18 Mayıs 2012,4.36,3.20,-,3.79,2.84,2.52,2.22,-
05 Haziran 2012,4.36,3.20,-,3.70,2.82,2.50,2.20,-
07 Haziran 2012,4.29,3.11,-,3.70,2.71,2.39,2.10,-
07 Temmuz 2012,4.33,3.12,-,3.73,2.70,2.37,2.03,-
21 Temmuz 2012,4.33,3.12,-,3.83,2.86,2.52,2.14,-
01 Ağustos 2012,4.42,3.21,-,3.80,2.86,2.52,2.14,-
15 Ağustos 2012,4.51,3.29,-,3.87,2.91,2.63,2.26,-
23 Ağustos 2012,4.61,3.29,-,3.87,2.98,2.69,2.33,-
28 Ağustos 2012,4.61,3.36,-,3.94,2.98,2.69,2.33,-
01 Eylül 2012,4.61,3.36,-,3.94,2.70,2.69,2.33,-
19 Eylül 2012,4.51,3.36,-,3.94,2.77,2.76,2.36,-
28 Eylül 2012,4.76,3.48,-,4.29,2.66,2.63,2.30,-
12 Ekim 2012,4.84,3.60,-,4.29,2.66,2.63,2.30,-
17 Ekim 2012,4.80,3.60,-,4.29,2.66,2.63,2.30,-
23 Ekim 2012,4.80,3.60,-,4.29,2.64,2.58,2.29,-
31 Ekim 2012,4.70,3.48,-,4.21,2.64,2.58,2.29,-
07 Kasım 2012,4.63,3.39,-,4.09,2.60,2.56,2.23,-
20 Kasım 2012,4.63,3.39,-,4.09,2.54,2.50,2.20,-
11 Aralık 2012,4.63,3.40,-,4.08,2.54,2.50,2.20,-
01 Ocak 2013,4.71,3.40,-,4.08,2.54,2.50,2.20,-
10 Ocak 2013,4.71,3.40,-,4.13,2.62,2.58,2.25,-
24 Ocak 2013,4.77,3.46,-,4.13,2.62,2.58,2.25,-
09 Şubat 2013,4.88,3.54,-,4.20,2.71,2.67,2.29,-
06 Mart 2013,4.79,3.46,-,4.20,2.65,2.59,2.28,-
12 Mart 2013,4.76,3.46,-,4.15,2.65,2.59,2.28,-
22 Mart 2013,4.76,3.38,-,4.15,2.60,2.55,2.28,-
09 Nisan 2013,4.64,3.38,-,4.06,2.60,2.55,2.28,-
11 Nisan 2013,4.64,3.38,4.14,4.06,2.51,2.47,2.20,-
23 Nisan 2013,4.57,3.23,4.05,3.97,4.05,2.18,2.36,-
07 Mayıs 2013,4.57,3.23,4.05,3.97,2.53,2.52,2.22,-
15 Mayıs 2013,4.63,3.23,4.12,4.04,2.53,2.52,2.22,-
18 Mayıs 2013,4.63,3.33,4.12,4.04,2.53,2.52,2.22,-
23 Mayıs 2013,4.73,3.33,4.19,4.11,2.53,2.52,2.22,-
06 Haziran 2013,4.73,3.33,4.19,4.11,2.54,2.61,2.28,-
21 Haziran 2013,4.73,3.43,4.28,4.20,2.54,2.61,2.28,-
09 Temmuz 2013,4.84,3.57,4.28,4.20,2.56,2.66,2.32,-
11 Temmuz 2013,4.84,3.57,4.35,4.27,2.56,2.66,2.32,-
17 Temmuz 2013,4.93,3.57,4.35,4.27,2.62,2.69,2.41,-
08 Ağustos 2013,4.82,3.57,4.31,4.23,2.62,2.69,2.41,-
22 Ağustos 2013,4.82,3.64,4.39,4.31,2.62,2.69,2.41,-
30 Ağustos 2013,5.08,3.76,4.56,4.48,2.74,2.80,2.48,-
11 Eylül 2013,4.95,3.76,4.56,4.48,2.77,2.84,2.49,-
17 Eylül 2013,4.83,3.67,4.49,4.41,2.77,2.84,2.49,-
21 Eylül 2013,4.83,3.56,4.41,4.33,2.69,2.76,2.45,-
03 Ekim 2013,4.79,3.56,4.41,4.33,2.69,2.76,2.45,-
24 Ekim 2013,4.79,3.56,4.41,4.33,2.62,2.68,2.39,-
28 Kasım 2013,4.79,3.64,4.41,4.33,2.68,2.77,2.43,-
06 Aralık 2013,4.89,3.64,4.41,4.33,2.76,2.85,2.44,-
07 Aralık 2013,4.89,3.64,4.50,4.42,2.76,2.85,2.44,-
17 Aralık 2013,4.81,3.64,4.50,4.42,2.72,2.80,2.44,-
26 Aralık 2013,4.94,3.75,4.50,4.42,2.72,2.80,2.44,-
01 Ocak 2014,4.94,3.75,4.59,4.51,2.76,2.81,2.50,-
03 Ocak 2014,4.94,3.75,4.59,4.51,2.76,2.81,2.50,-
11 Ocak 2014,4.94,3.75,4.59,4.51,2.81,2.91,2.57,-
28 Ocak 2014,5.07,3.91,4.59,4.51,2.95,2.99,2.69,-
30 Ocak 2014,5.07,3.91,4.65,4.57,2.95,2.99,2.69,-
04 Şubat 2014,5.07,3.91,4.65,4.57,2.95,2.99,2.69,-
14 Şubat 2014,5.07,3.80,4.65,4.57,2.95,2.99,2.69,-
20 Mart 2014,5.08,3.81,4.63,4.58,2.93,3.06,2.63,-
22 Mart 2014,5.05,3.81,4.39,4.39,2.93,3.06,2.63,-
29 Mart 2014,5.06,3.81,4.37,4.37,2.93,3.06,2.63,-
05 Nisan 2014,4.97,3.70,4.29,4.29,2.93,3.06,2.63,-
12 Nisan 2014,5.00,3.70,4.28,4.28,2.85,2.98,2.57,-
23 Nisan 2014,5.06,3.70,4.35,4.35,2.85,2.98,2.57,-
30 Nisan 2014,5.03,3.70,4.32,4.32,2.85,2.98,2.57,-
01 Mayıs 2014,5.03,3.70,4.32,4.32,2.81,2.91,2.55,-
07 Mayıs 2014,4.97,3.70,4.27,4.27,2.81,2.91,2.55,-
10 Mayıs 2014,4.91,3.70,4.25,4.25,2.81,2.91,2.55,-
17 Mayıs 2014,4.95,3.70,4.27,4.27,2.81,2.91,2.55,-
23 Mayıs 2014,5.00,3.69,4.35,4.35,2.77,2.87,2.50,-
31 Mayıs 2014,5.00,3.69,4.33,4.33,2.94,2.93,2.51,-
07 Haziran 2014,5.00,3.62,4.35,4.34,2.94,2.93,2.51,-
19 Haziran 2014,5.00,3.76,4.35,4.34,2.94,2.93,2.51,-
24 Haziran 2014,5.11,3.76,4.48,4.47,2.99,2.94,2.59,-
26 Haziran 2014,5.10,3.76,4.46,4.45,2.99,2.94,2.59,-
11 Temmuz 2014,5.10,3.66,4.39,4.38,2.95,2.89,2.54,-
17 Temmuz 2014,5.02,3.66,4.39,4.38,2.95,2.89,2.54,-
01 Ağustos 2014,4.98,3.66,4.40,4.38,2.90,2.82,2.52,-
09 Ekim 2014,4.90,3.60,4.32,4.30,2.84,2.77,2.48,-
15 Ekim 2014,4.80,3.60,4.23,4.21,2.79,2.71,2.41,-
22 Ekim 2014,4.72,3.50,4.16,4.14,2.66,2.59,2.31,-
24 Ekim 2014,4.72,3.50,4.16,4.14,2.66,2.59,2.31,-
08 Kasım 2014,4.72,3.50,4.16,4.14,2.59,2.51,2.24,-
18 Kasım 2014,4.59,3.50,4.16,4.14,2.59,2.51,2.24,-
26 Kasım 2014,4.57,3.36,4.04,4.02,2.49,2.44,2.14,-
06 Aralık 2014,4.44,3.23,3.89,3.87,2.33,2.31,2.00,-
12 Aralık 2014,4.29,3.17,3.78,3.76,2.26,2.24,1.94,-
18 Aralık 2014,4.24,3.15,3.78,3.76,2.26,2.24,1.94,-
19 Aralık 2014,4.24,3.15,3.78,3.76,2.25,2.24,1.92,-
26 Aralık 2014,4.24,3.15,3.74,3.72,2.19,2.18,1.89,-
30 Aralık 2014,4.24,3.09,3.74,3.72,2.19,2.18,1.89,-
03 Ocak 2015,4.15,3.09,3.65,3.63,2.12,2.11,1.83,-
06 Ocak 2015,4.18,3.09,3.65,3.63,2.12,2.11,1.83,-
08 Ocak 2015,4.13,2.95,3.65,3.63,2.06,2.06,1.78,-
14 Ocak 2015,4.08,2.88,3.57,3.55,2.04,2.05,1.75,-
17 Ocak 2015,4.05,2.82,3.51,3.49,2.00,2.01,1.73,-
21 Ocak 2015,4.10,2.88,3.57,3.55,2.05,2.06,1.76,-
30 Ocak 2015,4.17,2.88,3.61,3.59,2.05,2.06,1.76,-
03 Şubat 2015,4.17,2.88,3.67,3.65,2.10,2.12,1.80,-
04 Şubat 2015,4.30,3.04,3.76,3.74,2.16,2.14,1.88,-
07 Şubat 2015,4.30,3.10,3.76,3.74,2.27,2.25,1.97,-
13 Şubat 2015,4.36,3.22,3.92,3.90,2.29,2.26,1.99,-
21 Şubat 2015,4.36,3.23,3.81,3.81,2.27,2.43,2.10,-
03 Mart 2015,4.48,3.23,3.81,3.81,2.23,2.39,2.06,-
04 Mart 2015,4.48,3.23,3.86,3.86,2.23,2.39,2.06,-
14 Mart 2015,4.48,3.23,3.86,3.86,2.25,2.37,2.11,-
18 Mart 2015,4.48,3.16,3.75,3.75,2.20,2.32,2.07,-
27 Mart 2015,4.45,3.16,3.75,3.75,2.20,2.32,2.07,-
28 Mart 2015,4.45,3.16,3.75,3.75,2.27,2.35,2.14,-
01 Nisan 2015,4.49,3.28,3.75,3.75,2.21,2.29,2.09,-
04 Nisan 2015,4.42,3.16,3.79,3.79,2.21,2.29,2.09,-
21 Nisan 2015,4.60,3.33,3.93,3.93,2.36,2.42,2.23,-
29 Nisan 2015,4.71,3.39,4.07,4.05,2.36,2.42,2.23,-
01 Mayıs 2015,4.71,3.39,4.07,4.05,2.43,2.45,2.25,-
12 Mayıs 2015,4.71,3.45,4.07,4.05,2.50,2.49,2.28,-
15 Mayıs 2015,4.71,3.45,4.07,4.05,2.50,2.49,2.28,-
22 Mayıs 2015,4.65,3.28,4.07,4.05,2.40,2.34,2.14,-
27 Mayıs 2015,4.66,3.32,4.03,4.01,2.45,2.38,2.20,-
16 Haziran 2015,4.88,3.41,4.03,4.01,2.47,2.44,2.27,-
24 Haziran 2015,4.76,3.41,4.03,4.01,2.47,2.44,2.27,-
30 Haziran 2015,4.76,3.33,4.04,4.02,2.47,2.44,2.27,-
08 Temmuz 2015,4.76,3.33,4.04,4.02,2.33,2.31,2.13,-
09 Temmuz 2015,4.76,3.16,3.87,3.85,2.28,2.26,2.07,-
14 Temmuz 2015,4.77,3.16,3.88,3.86,2.33,2.31,2.12,-
21 Temmuz 2015,4.65,3.16,3.88,3.86,2.25,2.25,2.06,-
31 Temmuz 2015,4.65,3.16,3.88,3.86,2.29,2.28,2.09,-
08 Ağustos 2015,4.56,3.10,3.80,3.78,2.22,2.22,2.01,-
22 Ağustos 2015,4.56,3.20,3.86,3.84,2.20,2.17,1.99,-
26 Ağustos 2015,4.41,3.13,3.86,3.84,2.12,2.10,1.90,-
27 Ağustos 2015,4.41,3.13,3.77,3.75,2.10,2.06,1.90,-
29 Ağustos 2015,4.41,3.13,3.77,3.75,2.10,2.06,1.90,-
01 Eylül 2015,4.49,3.13,3.91,3.89,2.24,2.19,2.03,-
10 Eylül 2015,4.55,3.24,3.91,3.89,2.24,2.19,2.03,-
18 Eylül 2015,4.50,3.29,3.94,3.92,2.27,2.21,2.06,-
30 Eylül 2015,4.51,3.24,3.94,3.92,2.21,2.15,2.00,-
10 Ekim 2015,4.51,3.24,3.94,3.92,2.30,2.27,2.08,-
16 Ekim 2015,4.42,3.24,3.82,3.80,2.21,2.21,2.03,-
17 Ekim 2015,4.37,3.24,3.82,3.80,2.15,2.15,1.97,-
21 Ekim 2015,4.37,3.13,3.82,3.80,2.15,2.14,1.95,-
22 Ekim 2015,4.37,3.13,3.82,3.80,2.17,2.17,1.96,-
05 Kasım 2015,4.37,3.13,3.79,3.77,2.16,2.15,1.96,-
18 Kasım 2015,4.29,3.01,3.79,3.77,2.05,2.07,1.81,-
26 Kasım 2015,4.41,3.07,3.73,3.71,2.09,2.09,1.86,-
05 Aralık 2015,4.41,3.00,3.66,3.64,2.02,2.06,1.79,-
08 Aralık 2015,4.33,3.00,3.66,3.64,2.02,2.05,1.77,-
11 Aralık 2015,4.29,2.94,3.59,3.57,1.96,2.00,1.72,-
15 Aralık 2015,4.29,2.89,3.54,3.52,1.96,2.00,1.72,-
17 Aralık 2015,4.29,2.89,3.54,3.52,1.94,2.01,1.74,-
23 Aralık 2015,4.29,2.89,3.54,3.52,1.86,1.91,1.66,-
06 Ocak 2016,4.29,2.85,3.54,3.52,1.90,1.94,1.70,-
14 Ocak 2016,4.22,2.78,3.46,3.44,1.81,1.86,1.63,-
20 Ocak 2016,4.22,2.74,3.41,3.39,1.76,1.82,1.61,-
21 Ocak 2016,4.22,2.69,3.41,3.39,1.76,1.82,1.61,-
23 Ocak 2016,4.22,2.67,3.35,3.33,1.76,1.85,1.64,-
26 Ocak 2016,4.22,2.73,3.41,3.39,1.82,1.91,1.69,-
02 Şubat 2016,4.22,2.81,3.48,3.46,1.87,1.95,1.75,-
06 Şubat 2016,4.15,2.81,3.47,3.45,1.87,1.95,1.75,-
11 Şubat 2016,4.02,2.81,3.47,3.45,1.80,1.88,1.68,-
13 Şubat 2016,4.02,2.68,3.40,3.38,1.77,1.85,1.63,-
16 Şubat 2016,4.02,2.76,3.47,3.45,1.83,1.89,1.68,-
18 Şubat 2016,4.06,2.76,3.47,3.45,1.83,1.89,1.68,-
19 Şubat 2016,4.10,2.76,3.47,3.45,1.83,1.89,1.68,-
24 Şubat 2016,4.10,2.76,3.47,3.45,1.83,1.89,1.68,-
01 Mart 2016,4.14,2.76,3.47,3.45,1.85,1.90,1.70,-
09 Mart 2016,4.14,2.83,3.54,3.52,1.92,1.95,1.75,-
12 Mart 2016,4.25,2.89,3.62,3.60,1.92,1.96,1.76,-
22 Mart 2016,4.33,2.89,3.62,3.60,1.90,1.94,1.73,2.00
24 Mart 2016,4.33,2.92,3.62,3.60,1.91,1.95,1.75,2.00
29 Mart 2016,4.33,2.88,3.62,3.60,1.88,1.92,1.72,2.00
31 Mart 2016,4.33,2.88,3.54,3.52,1.88,1.92,1.72,2.00
07 Nisan 2016,4.33,2.75,3.54,3.52,1.77,1.84,1.66,2.00
12 Nisan 2016,4.37,2.88,3.59,3.57,1.87,1.94,1.76,2.00
20 Nisan 2016,4.36,2.88,3.65,3.63,1.88,1.95,1.77,2.00
26 Nisan 2016,4.36,2.92,3.65,3.63,1.94,1.98,1.80,2.00
27 Nisan 2016,4.42,2.92,3.72,3.70,1.94,1.98,1.80,2.00
03 Mayıs 2016,4.42,2.96,3.72,3.70,1.99,1.98,1.84,2.00
07 Mayıs 2016,4.42,2.96,3.72,3.70,1.99,1.98,1.84,2.00
14 Mayıs 2016,4.42,2.96,3.83,3.81,2.12,2.06,1.97,2.00
21 Mayıs 2016,4.58,3.14,3.90,3.88,2.18,2.06,1.97,2.00
08 Haziran 2016,4.58,3.17,3.90,3.88,2.24,2.10,2.00,2.00
14 Haziran 2016,4.49,3.17,3.90,3.88,2.25,2.10,2.00,2.00
21 Haziran 2016,4.49,3.12,3.90,3.88,2.22,2.10,1.97,2.00
22 Haziran 2016,4.49,3.12,3.90,3.88,2.25,2.10,2.00,2.00
29 Haziran 2016,4.46,3.12,3.90,3.88,2.25,2.10,2.00,2.00
02 Temmuz 2016,4.46,3.12,3.90,3.88,2.28,2.15,2.04,2.00
13 Temmuz 2016,4.33,3.05,3.82,3.80,2.23,2.15,2.01,2.00
26 Temmuz 2016,4.39,3.07,3.82,3.80,2.27,2.19,2.09,2.00
30 Temmuz 2016,4.34,3.03,3.73,3.71,2.22,2.18,2.03,2.00
03 Ağustos 2016,4.34,2.96,3.73,3.71,2.12,2.12,1.95,2.00
04 Ağustos 2016,4.34,2.96,3.68,3.66,2.11,2.10,1.93,2.00
11 Ağustos 2016,4.39,3.03,3.72,3.70,2.16,2.15,1.97,2.00
13 Ağustos 2016,4.39,3.03,3.80,3.78,2.16,2.15,1.97,2.00
17 Ağustos 2016,4.39,3.03,3.80,3.78,2.25,2.22,2.04,2.00
18 Ağustos 2016,4.39,3.11,3.87,3.85,2.25,2.22,2.04,2.00
20 Ağustos 2016,4.47,3.11,3.87,3.85,2.30,2.26,2.09,2.00
08 Eylül 2016,4.66,3.35,4.04,4.02,2.26,2.24,2.07,2.00
21 Eylül 2016,4.72,3.33,4.11,4.09,2.26,2.24,2.07,2.00
05 Ekim 2016,4.72,3.45,4.11,4.09,2.37,2.35,2.11,2.00
06 Ekim 2016,4.87,3.45,4.23,4.21,2.42,2.39,2.14,2.00
08 Ekim 2016,4.87,3.53,4.23,4.21,2.48,2.45,2.18,2.00
12 Ekim 2016,4.87,3.53,4.30,4.28,2.51,2.48,2.23,2.00
02 Kasım 2016,4.87,3.53,4.30,4.28,2.42,2.39,2.19,2.00
08 Kasım 2016,4.79,3.46,4.16,4.14,2.39,2.36,2.17,2.00
19 Kasım 2016,4.79,3.59,4.25,4.23,2.39,2.36,2.17,2.00
23 Kasım 2016,4.95,3.72,4.35,4.33,2.61,2.58,2.37,2.00
03 Aralık 2016,4.95,3.72,4.35,4.33,2.63,2.68,2.49,2.00
07 Aralık 2016,5.10,3.89,4.52,4.50,2.76,2.68,2.55,2.00
10 Aralık 2016,5.10,3.89,4.52,4.50,2.64,2.58,2.44,2.00
14 Aralık 2016,5.10,3.89,4.52,4.50,2.82,2.71,2.60,2.00
23 Aralık 2016,5.20,3.89,4.52,4.50,2.82,2.71,2.60,2.00
01 Ocak 2017,5.20,3.89,4.65,4.63,2.80,2.71,2.60,2.00
11 Ocak 2017,5.30,4.05,4.65,4.63,3.04,3.00,2.78,3.00
14 Ocak 2017,5.45,4.28,4.80,4.78,3.09,3.02,2.85,3.00
28 Ocak 2017,5.45,4.19,4.74,4.72,3.08,2.98,2.85,3.00
02 Şubat 2017,5.45,4.19,4.74,4.72,3.02,2.92,2.76,3.00
14 Şubat 2017,5.39,4.19,4.74,4.72,3.02,2.92,2.76,3.00
18 Şubat 2017,5.39,4.19,4.74,4.72,2.91,2.80,2.73,3.00
02 Mart 2017,5.27,4.08,4.67,4.65,2.91,2.80,2.73,3.00
17 Mart 2017,5.19,4.03,4.60,4.58,2.75,2.66,2.57,3.00
01 Nisan 2017,5.19,4.04,4.52,4.50,2.75,2.65,2.54,3.00
05 Nisan 2017,5.32,4.04,4.61,4.59,2.75,2.65,2.54,2.00
08 Nisan 2017,5.32,4.04,4.73,4.71,2.86,2.66,2.52,2.00
25 Nisan 2017,5.41,4.17,4.73,4.71,2.73,2.53,2.42,2.00
26 Nisan 2017,5.27,3.98,4.73,4.71,2.73,2.53,2.42,2.00
03 Mayıs 2017,5.18,3.98,4.60,4.58,2.73,2.53,2.42,2.00
04 Mayıs 2017,5.18,3.98,4.60,4.58,2.73,2.53,2.42,2.00
17 Mayıs 2017,5.12,3.64,4.49,4.47,2.67,2.40,2.31,2.00
24 Mayıs 2017,5.25,3.80,4.65,4.63,2.67,2.40,2.31,2.00
03 Haziran 2017,5.14,3.67,4.52,4.50,2.62,2.37,2.26,2.00
09 Haziran 2017,5.14,3.56,4.53,4.51,2.55,2.32,2.20,2.00
10 Haziran 2017,5.14,3.56,4.45,4.43,2.55,2.32,2.20,2.00
17 Haziran 2017,5.00,3.56,4.45,4.43,2.48,2.23,2.16,2.00
05 Temmuz 2017,5.13,3.69,4.45,4.43,2.58,2.32,2.26,2.00
12 Temmuz 2017,5.13,3.69,4.55,4.53,2.54,2.26,2.22,2.00
02 Ağustos 2017,5.23,3.79,4.67,4.65,2.62,2.32,2.28,3.00
08 Eylül 2017,5.32,3.84,4.74,4.72,2.68,2.36,2.31,3.00
14 Ekim 2017,5.32,3.99,4.87,4.85,2.81,2.47,2.40,3.00
26 Ekim 2017,5.42,3.99,4.87,4.85,2.89,2.56,2.47,3.00
28 Ekim 2017,5.42,4.15,4.87,4.85,2.89,2.56,2.47,3.00
02 Kasım 2017,5.54,4.25,5.04,5.02,3.04,2.68,2.63,3.00
07 Kasım 2017,5.54,4.25,5.04,5.02,3.11,2.77,2.69,3.00
09 Kasım 2017,5.67,4.25,5.04,5.02,3.20,2.85,2.77,3.00
21 Kasım 2017,5.67,4.40,5.17,5.15,3.17,2.81,2.75,3.00
24 Kasım 2017,5.68,4.40,5.17,5.15,3.17,2.81,2.75,3.00
09 Aralık 2017,5.54,4.40,5.17,5.15,3.08,2.71,2.63,3.00
14 Aralık 2017,5.63,4.40,5.17,5.15,3.08,2.71,2.63,3.00
01 Ocak 2018,5.63,4.40,5.17,5.15,3.17,2.81,2.70,3.00
04 Ocak 2018,5.63,4.40,5.17,5.15,3.17,2.81,2.70,3.00
09 Ocak 2018,5.63,4.40,5.25,5.22,3.21,2.85,2.73,3.00
25 Ocak 2018,5.84,4.50,5.28,5.25,3.21,2.85,2.73,3.00
10 Şubat 2018,5.68,4.50,5.28,5.25,3.11,2.74,2.67,3.00
28 Şubat 2018,5.69,4.51,5.24,5.21,3.11,2.74,2.67,3.30
14 Mart 2018,5.69,4.40,5.24,5.21,3.11,2.74,2.67,3.23
21 Mart 2018,5.85,4.49,5.24,5.21,3.25,2.86,2.77,3.23
22 Mart 2018,5.85,4.66,5.24,5.21,3.25,2.86,2.77,3.23
14 Nisan 2018,6.13,5.08,5.73,5.70,3.47,3.00,2.89,3.34
18 Nisan 2018,6.13,5.08,5.73,5.70,3.47,3.00,2.89,3.39
08 Mayıs 2018,6.13,5.08,5.73,5.70,3.60,3.13,3.03,3.39
10 Mayıs 2018,6.10,5.08,5.67,5.64,3.60,3.13,3.03,3.39
11 Mayıs 2018,6.10,5.32,5.67,5.64,3.60,3.13,3.03,3.39
12 Mayıs 2018,6.10,5.32,5.67,5.64,3.72,3.25,3.14,3.39
15 Mayıs 2018,6.28,5.32,5.82,5.79,3.72,3.25,3.14,3.52
17 Mayıs 2018,6.28,5.32,5.82,5.79,3.88,3.39,3.31,3.52
02 Haziran 2018,6.28,5.55,5.82,5.79,4.01,3.49,3.41,3.52
06 Haziran 2018,6.28,5.55,5.82,5.79,4.01,3.49,3.41,3.52
03 Temmuz 2018,6.28,5.55,5.82,5.79,4.04,3.58,3.55,3.52
17 Temmuz 2018,6.28,5.55,5.82,5.79,4.04,3.58,3.55,3.52
18 Temmuz 2018,6.28,5.55,5.82,5.79,4.04,3.58,3.55,3.52
31 Temmuz 2018,6.28,5.76,5.82,5.79,4.04,3.58,3.55,3.52
01 Ağustos 2018,6.28,5.76,5.82,5.79,4.24,3.75,3.70,3.52
18 Ağustos 2018,6.93,6.26,6.40,6.37,4.73,4.12,4.07,3.86
28 Ağustos 2018,6.93,6.64,6.40,6.37,5.08,4.42,4.34,3.86
29 Ağustos 2018,6.93,6.81,6.40,6.37,5.23,4.54,4.47,3.86
01 Eylül 2018,6.93,7.05,6.40,6.37,5.45,4.74,4.65,3.86
04 Eylül 2018,6.94,7.05,6.40,6.37,5.45,4.74,4.65,3.86
05 Eylül 2018,6.94,7.29,6.40,6.37,5.63,4.87,4.74,3.86
06 Ekim 2018,6.99,6.91,6.42,6.39,5.56,4.89,4.72,3.86
16 Ekim 2018,7.05,6.91,6.46,6.43,5.22,4.58,4.44,3.86
19 Ekim 2018,7.04,6.57,6.46,6.43,5.02,4.40,4.29,3.86
31 Ekim 2018,7.07,6.37,6.49,6.46,5.02,4.40,4.29,3.86
03 Kasım 2018,6.89,6.37,6.49,6.46,5.02,4.40,4.29,3.86
06 Kasım 2018,6.89,6.15,6.49,6.46,4.73,4.18,4.13,3.86
07 Kasım 2018,6.92,6.15,6.51,6.48,4.73,4.18,4.13,3.86
08 Kasım 2018,6.71,5.95,6.51,6.48,4.73,4.18,4.13,3.86
09 Kasım 2018,6.71,5.95,6.51,6.48,4.66,4.09,3.98,3.86
17 Kasım 2018,6.71,5.95,6.51,6.48,4.49,3.94,3.83,3.86
05 Aralık 2018,6.22,5.31,6.10,6.06,4.01,3.53,3.42,3.59
06 Aralık 2018,6.22,5.40,6.10,6.06,4.01,3.53,3.42,3.59
20 Aralık 2018,6.22,5.40,6.10,6.06,3.77,3.28,3.15,3.59
21 Aralık 2018,6.22,5.23,6.10,6.06,3.77,3.28,3.15,3.59
22 Aralık 2018,6.22,5.10,6.10,6.06,3.77,3.28,3.15,3.59
25 Aralık 2018,5.97,5.10,5.84,5.80,3.61,3.16,3.00,3.59
01 Ocak 2019,5.98,5.10,5.84,5.80,3.61,3.16,3.00,3.59
03 Ocak 2019,5.98,4.97,5.84,5.80,3.61,3.16,3.00,3.59
22 Ocak 2019,6.31,5.47,6.22,6.18,4.06,3.59,3.45,3.64
25 Ocak 2019,6.31,5.47,6.22,6.18,4.06,3.59,3.45,3.59
26 Ocak 2019,6.31,5.32,6.22,6.18,4.06,3.59,3.45,3.59
30 Ocak 2019,6.14,5.32,6.22,6.18,4.06,3.59,3.45,3.59
05 Şubat 2019,6.19,5.32,6.22,6.18,4.06,3.59,3.45,3.73
14 Şubat 2019,6.19,5.32,6.22,6.18,4.15,3.72,3.57,3.73
27 Mart 2019,6.81,5.77,6.50,6.46,4.32,3.85,3.70,3.90
29 Mart 2019,6.81,5.57,6.50,6.46,4.32,3.85,3.70,3.90
02 Nisan 2019,6.81,5.73,6.50,6.46,4.45,3.95,3.88,3.90
03 Nisan 2019,7.00,5.73,6.50,6.46,4.45,3.95,3.88,3.90
10 Nisan 2019,7.13,5.73,6.56,6.52,4.45,3.95,3.88,3.90
12 Nisan 2019,7.13,5.88,6.56,6.52,4.45,3.95,3.88,3.90
16 Nisan 2019,7.14,5.88,6.56,6.52,4.63,4.07,3.99,3.90
17 Mayıs 2019,7.17,6.22,6.62,6.58,4.80,4.17,4.02,3.90
22 Mayıs 2019,7.17,6.22,6.62,6.58,4.93,4.38,4.09,3.90
25 Mayıs 2019,7.17,6.22,6.62,6.58,4.73,4.21,3.89,3.90
29 Mayıs 2019,7.17,5.98,6.62,6.58,4.73,4.21,3.89,3.90
30 Mayıs 2019,7.17,5.98,6.62,6.58,4.73,4.21,3.89,3.90
01 Haziran 2019,7.17,5.98,6.62,6.58,4.73,4.21,3.89,3.90
09 Temmuz 2019,7.09,5.62,6.51,6.47,4.40,4.01,3.68,3.61
10 Temmuz 2019,7.09,5.62,6.51,6.47,4.50,4.10,3.75,3.61
13 Temmuz 2019,7.09,5.84,6.51,6.47,4.50,4.10,3.75,3.61
17 Temmuz 2019,7.20,5.84,6.66,6.62,4.50,4.10,3.75,3.61
20 Ağustos 2019,6.74,5.43,6.41,6.37,4.02,3.58,3.01,3.39
22 Ağustos 2019,6.74,5.43,6.41,6.37,4.12,3.66,3.05,3.39
23 Ağustos 2019,6.74,5.65,6.41,6.37,4.21,3.76,3.12,3.39
27 Eylül 2019,7.00,5.85,6.71,6.67,4.29,3.73,3.37,3.48
01 Ekim 2019,7.00,5.85,6.71,6.67,4.18,3.64,3.12,3.48
02 Ekim 2019,7.00,5.85,6.71,6.67,4.18,3.70,3.02,3.75
03 Ekim 2019,7.00,5.85,6.64,6.60,4.19,3.74,2.92,3.75
06 Kasım 2019,7.03,5.71,6.74,6.70,4.32,3.88,2.80,3.91
08 Kasım 2019,7.03,5.71,6.74,6.70,4.28,3.89,2.66,3.91
16 Kasım 2019,7.03,5.71,6.74,6.70,4.24,3.86,2.51,3.91
28 Kasım 2019,7.03,5.71,6.68,6.64,4.31,3.93,2.57,3.91
03 Aralık 2019,7.03,5.71,6.68,6.64,4.23,3.88,2.42,3.91
04 Aralık 2019,7.03,5.71,6.68,6.64,4.30,3.98,2.50,3.91
05 Aralık 2019,7.03,5.71,6.68,6.64,4.30,3.98,2.50,3.96
08 Ocak 2020,7.19,5.94,6.74,6.70,5.08,4.92,3.25,3.96
15 Ocak 2020,7.19,5.94,6.74,6.70,4.76,4.59,3.14,3.96
16 Ocak 2020,7.24,5.80,6.79,6.75,4.80,4.64,3.19,3.96
10 Nisan 2020,5.32,3.62,5.61,5.57,3.01,2.68,2.24,3.11
11 Nisan 2020,5.32,3.62,5.54,5.50,2.94,2.66,2.15,3.11
17 Nisan 2020,5.32,3.44,5.32,5.28,2.76,2.52,1.99,3.11
18 Nisan 2020,5.47,3.57,5.43,5.39,2.76,2.52,1.99,3.16
21 Nisan 2020,5.42,3.57,5.43,5.39,2.85,2.57,1.97,3.16
22 Nisan 2020,5.35,3.57,5.43,5.39,2.73,2.49,1.81,3.16
23 Nisan 2020,5.04,3.21,5.02,4.98,2.51,2.33,1.64,3.16
25 Nisan 2020,5.33,3.21,5.02,4.98,2.56,2.33,1.72,3.16
28 Nisan 2020,5.24,3.21,5.02,4.98,2.45,2.23,1.74,3.16
06 Mayıs 2020,5.54,3.21,5.22,5.18,2.70,2.47,2.05,3.41
08 Mayıs 2020,5.75,3.41,5.42,5.38,2.85,2.58,2.21,3.41
13 Mayıs 2020,5.90,3.57,5.55,5.51,2.91,2.62,2.21,3.41
02 Haziran 2020,6.06,4.02,5.74,5.70,3.18,2.92,2.49,3.41
03 Haziran 2020,6.06,4.02,5.74,5.70,3.28,3.01,2.63,3.61
27 Haziran 2020,6.40,4.43,6.13,6.10,3.56,3.22,2.90,3.61
07 Temmuz 2020,6.38,4.52,6.16,6.13,3.72,3.37,3.01,3.93
20 Ağustos 2020,6.71,4.73,6.31,6.28,4.06,3.69,3.35,3.99
26 Ağustos 2020,6.71,4.73,6.31,6.28,4.00,3.66,3.33,3.99
29 Ağustos 2020,6.77,4.73,6.31,6.28,4.07,3.72,3.41,3.99
19 Eylül 2020,7.02,4.48,6.23,6.20,4.06,3.72,3.39,4.09
23 Eylül 2020,6.83,4.60,6.23,6.20,4.06,3.72,3.39,4.09
25 Eylül 2020,6.82,4.60,6.11,6.08,4.06,3.72,3.39,4.09
24 Ekim 2020,6.84,4.91,6.34,6.31,4.29,3.98,3.67,4.09
03 Kasım 2020,6.68,4.91,6.22,6.19,4.09,3.78,3.44,4.09
05 Kasım 2020,6.86,4.97,6.38,6.35,4.33,4.00,3.61,4.09
26 Kasım 2020,7.14,5.10,6.50,6.47,4.67,4.31,3.84,4.09
02 Aralık 2020,7.14,5.45,6.77,6.74,4.57,4.22,3.68,4.09
15 Aralık 2020,7.31,5.62,6.77,6.74,4.70,4.31,3.78,4.09
07 Ocak 2021,7.37,5.62,6.81,6.78,4.81,4.23,3.81,4.09
13 Ocak 2021,7.37,5.62,6.81,6.78,4.99,4.44,4.04,4.09
19 Ocak 2021,7.37,5.85,6.81,6.78,4.99,4.44,4.04,4.09
12 Şubat 2021,7.40,5.85,6.87,6.84,5.13,4.66,3.99,4.09
20 Şubat 2021,7.40,6.01,6.87,6.84,5.25,4.76,4.08,4.09
27 Şubat 2021,7.41,6.01,6.87,6.84,5.60,5.10,4.34,4.09
27 Mart 2021,7.27,6.27,6.65,6.63,5.66,5.12,4.45,4.19
08 Nisan 2021,7.27,6.50,6.65,6.63,5.87,5.30,4.61,4.09
26 Mayıs 2021,7.84,7.14,7.44,7.41,6.20,5.43,4.82,4.44
05 Haziran 2021,7.93,7.42,7.44,7.41,6.57,5.80,5.13,4.44
24 Haziran 2021,7.95,7.68,7.46,7.43,6.82,6.03,5.36,4.44
13 Temmuz 2021,7.95,7.68,7.46,7.43,7.00,6.24,5.44,4.92
03 Ağustos 2021,7.95,7.62,7.51,7.48,6.80,6.06,5.33,4.92
11 Ağustos 2021,7.95,7.38,7.48,7.45,6.56,5.83,5.17,5.09
22 Eylül 2021,7.97,7.89,7.50,7.47,7.10,6.32,5.53,5.09
28 Eylül 2021,7.97,7.89,7.50,7.47,7.50,6.70,5.89,5.24
02 Ekim 2021,7.97,8.47,7.50,7.47,7.50,6.70,5.89,5.95
26 Ekim 2021,8.58,9.47,8.39,8.36,8.38,7.37,6.54,6.17
28 Ekim 2021,8.61,9.47,8.39,8.36,8.58,7.57,6.58,6.17
02 Kasım 2021,8.61,9.47,8.39,8.36,8.43,7.43,6.40,6.67
24 Kasım 2021,8.81,10.01,8.89,8.86,9.30,8.29,7.03,7.58
30 Kasım 2021,9.87,10.01,9.98,9.95,9.28,8.37,6.97,8.23
02 Aralık 2021,9.29,10.69,9.54,9.51,9.89,8.89,7.48,8.23
07 Aralık 2021,9.73,11.31,9.54,9.51,9.89,8.89,7.48,8.23
09 Aralık 2021,10.50,11.75,10.51,10.48,10.83,9.71,8.09,8.23
24 Aralık 2021,11.79,10.97,11.69,11.65,9.84,8.70,7.47,8.94
28 Aralık 2021,11.79,10.43,11.64,11.60,9.25,8.16,7.10,8.27
19 Ocak 2022,13.75,13.47,14.45,14.41,11.51,10.18,8.79,9.33
21 Ocak 2022,14.24,13.47,14.51,14.47,12.17,10.73,9.38,9.33
10 Şubat 2022,15.41,14.44,15.66,15.62,13.01,11.52,9.76,9.72
23 Şubat 2022,15.37,14.44,15.71,15.67,13.01,11.52,9.76,9.72
01 Mart 2022,16.75,14.44,16.29,16.25,13.46,11.90,9.92,10.06
05 Mart 2022,18.90,18.04,20.01,19.97,16.38,14.24,11.68,10.66
09 Mart 2022,20.54,20.49,23.04,23.00,18.45,15.62,13.00,10.66
10 Mart 2022,20.58,22.53,23.06,23.03,19.89,16.50,13.79,10.66
25 Mart 2022,19.91,21.77,23.84,23.81,18.51,15.25,13.44,11.12
31 Mart 2022,19.91,19.48,21.41,21.38,16.68,13.85,12.42,11.12
20 Nisan 2022,19.23,20.66,22.23,22.21,16.09,13.15,11.43,11.75
30 Nisan 2022,20.56,20.66,22.28,22.24,16.09,13.15,11.43,11.75
11 Mayıs 2022,21.34,22.65,22.28,22.24,16.65,13.22,12.05,10.77
24 Mayıs 2022,23.07,21.54,22.31,22.27,17.63,14.64,13.12,11.13
27 Mayıs 2022,24.49,21.54,23.69,23.65,17.63,14.64,13.12,11.49
31 Mayıs 2022,25.24,23.22,24.68,24.64,18.76,15.16,13.64,11.49
15 Haziran 2022,27.68,27.49,28.11,28.07,20.87,16.34,13.29,12.16
17 Haziran 2022,27.74,27.49,30.22,30.17,21.49,16.37,13.47,12.16
23 Haziran 2022,27.48,27.49,30.22,30.17,20.64,15.56,12.70,12.16
09 Temmuz 2022,25.41,22.64,25.70,25.63,18.34,14.15,12.18,10.40
14 Temmuz 2022,23.88,22.64,25.70,25.63,18.34,14.15,12.18,10.71
19 Temmuz 2022,22.92,22.64,25.70,25.63,17.95,13.58,11.18,10.71
26 Temmuz 2022,22.96,22.64,24.75,24.71,18.49,14.73,11.90,10.71
10 Ağustos 2022,20.28,20.79,22.65,22.60,18.24,15.21,11.97,11.21
13 Ağustos 2022,21.39,21.43,23.46,23.41,18.04,15.15,11.23,11.21
18 Ağustos 2022,20.56,22.75,24.23,24.18,18.04,15.15,11.23,11.21
03 Eylül 2022,18.86,22.80,24.73,24.68,17.93,14.50,9.46,11.21
07 Eylül 2022,19.47,23.41,26.24,26.19,18.51,15.01,9.70,10.81
15 Eylül 2022,19.47,23.41,25.10,25.05,17.92,14.44,8.60,10.81
28 Eylül 2022,19.51,21.32,23.40,23.35,16.72,13.88,7.67,10.81
07 Ekim 2022,20.89,21.32,27.43,27.38,19.21,14.83,10.83,10.06
15 Ekim 2022,20.91,23.68,27.71,27.65,18.67,14.09,10.21,10.06
22 Ekim 2022,20.93,22.26,26.67,26.61,18.67,14.09,10.21,10.06
08 Kasım 2022,22.98,22.26,26.67,26.62,18.93,14.54,11.08,10.56
19 Kasım 2022,21.46,22.69,25.11,25.06,17.73,13.84,10.82,10.65
29 Kasım 2022,20.48,21.44,23.38,23.32,16.24,12.33,9.91,10.65
09 Aralık 2022,18.48,19.28,21.44,21.39,14.86,11.70,9.77,10.65
10 Aralık 2022,17.73,19.28,21.44,21.39,14.86,11.70,9.77,10.65
20 Aralık 2022,18.27,20.31,22.39,22.34,15.74,11.94,9.76,10.70
01 Ocak 2023,19.84,20.32,22.45,22.40,16.01,12.57,10.29,10.75
13 Ocak 2023,20.08,20.43,22.58,22.53,15.00,11.79,9.27,10.75
21 Ocak 2023,20.79,21.90,23.70,23.65,16.25,12.50,9.92,10.75
24 Ocak 2023,20.84,21.90,23.74,23.69,16.25,12.50,9.92,10.75
02 Şubat 2023,21.56,21.81,23.01,22.96,16.35,12.61,9.92,10.75
07 Şubat 2023,21.64,19.47,21.78,21.73,15.22,12.55,9.24,11.90
18 Şubat 2023,21.51,19.65,22.00,21.95,15.67,13.10,9.91,11.90
04 Mart 2023,21.19,19.46,22.42,22.36,15.31,12.58,10.19,11.90
08 Mart 2023,21.19,19.46,22.42,22.36,15.98,13.08,10.92,11.90
15 Mart 2023,21.35,18.72,21.86,21.81,15.51,12.47,11.55,11.97
25 Mart 2023,21.41,17.33,21.45,21.40,14.70,11.63,10.74,11.97
06 Nisan 2023,23.30,18.01,21.38,21.33,15.88,13.17,12.21,10.41
26 Nisan 2023,22.08,17.48,20.65,20.60,15.88,13.17,12.21,10.51
06 Mayıs 2023,20.11,15.94,18.86,18.81,14.16,12.14,10.94,10.56
09 Mayıs 2023,20.54,16.64,19.53,19.48,14.60,12.52,11.43,10.56
25 Mayıs 2023,21.42,16.64,20.30,20.25,15.16,12.92,11.80,10.56
09 Haziran 2023,24.78,19.75,23.03,22.98,17.55,14.88,13.13,10.48
22 Haziran 2023,24.97,20.96,24.96,24.91,18.40,15.69,13.54,10.68
10 Temmuz 2023,27.67,22.93,26.41,26.36,20.56,17.55,17.01,10.84
16 Temmuz 2023,35.04,27.61,33.53,33.48,22.35,18.98,18.26,13.95
01 Ağustos 2023,37.06,30.38,37.58,37.53,26.07,22.40,19.67,14.19
02 Ağustos 2023,37.06,30.38,37.58,37.53,27.42,23.68,20.68,16.22
04 Ağustos 2023,37.14,32.80,37.66,37.62,27.42,23.68,20.68,16.22
11 Ağustos 2023,37.16,32.80,39.48,39.44,27.42,23.68,20.68,16.22
16 Ağustos 2023,38.71,32.80,39.48,39.44,28.73,24.79,21.61,16.22
18 Ağustos 2023,38.82,32.80,38.04,38.00,28.73,24.79,21.61,16.22
22 Ağustos 2023,38.82,32.80,39.04,39.00,27.93,24.02,21.01,16.22
01 Eylül 2023,37.88,32.80,39.10,39.06,27.20,23.36,20.20,16.22
05 Eylül 2023,37.99,32.80,39.17,39.13,27.20,23.36,20.20,17.53
08 Eylül 2023,38.02,32.80,39.20,39.16,28.54,24.27,21.85,17.53
14 Eylül 2023,39.66,34.96,41.23,41.19,28.54,24.27,21.85,17.53
16 Eylül 2023,39.71,34.96,41.28,41.24,29.86,24.89,23.18,17.53
20 Aralık 2023,35.86,30.03,36.87,36.83,26.28,23.06,17.96,18.46
22 Aralık 2023,35.87,32.44,38.53,38.49,27.29,23.75,19.28,18.46
01 Ocak 2024,35.88,32.46,38.54,38.50,27.15,23.76,18.65,18.46
05 Ocak 2024,38.23,33.65,40.50,40.46,27.40,24.01,18.89,19.48
09 Ocak 2024,38.24,32.63,40.51,40.47,27.40,24.01,18.89,19.58
13 Ocak 2024,38.24,32.63,40.51,40.47,27.40,24.01,18.89,19.68
18 Ocak 2024,38.24,34.20,40.52,40.48,28.30,24.96,19.72,20.04
24 Ocak 2024,39.74,35.29,41.71,41.66,28.06,24.02,19.83,20.04
30 Ocak 2024,39.74,35.29,43.14,43.09,28.06,24.02,19.83,20.04
01 Şubat 2024,40.69,35.29,43.14,43.09,29.27,24.81,20.98,20.04
06 Şubat 2024,40.75,35.29,43.19,43.14,27.85,23.27,20.72,20.04
09 Şubat 2024,40.79,35.29,43.26,43.21,28.78,23.64,21.75,20.34
14 Ocak 2011,3.96,2.81,-,3.29,2.08,-,1.77,-
29 Ocak 2011,3.96,2.81,-,3.36,2.08,-,1.82,-
17 Şubat 2011,3.96,2.86,-,3.42,2.16,-,1.94,-
08 Mart 2011,4.17,3.06,-,3.62,2.37,-,2.02,-
16 Mart 2011,4.17,3.01,-,3.62,2.37,-,2.08,-
19 Nisan 2011,4.22,3.01,-,3.58,2.37,-,2.13,-
03 Mayıs 2011,4.31,3.01,-,3.58,2.37,-,2.11,-
11 Mayıs 2011,4.21,2.92,-,3.49,2.27,-,2.04,-
29 Haziran 2011,4.18,3.01,-,3.51,2.33,-,2.14,-
05 Temmuz 2011,4.18,2.98,-,3.51,2.36,-,2.17,-
11 Ağustos 2011,4.35,3.09,-,3.66,2.44,-,2.28,-
20 Ağustos 2011,4.35,3.18,-,3.73,2.48,-,2.31,-
18 Ekim 2011,4.35,3.18,-,3.85,2.59,-,2.45,-
02 Kasım 2011,4.28,3.19,-,3.77,2.50,-,3.37,-
10 Aralık 2011,4.24,3.29,-,3.84,2.62,2.31,3.27,-
16 Aralık 2011,4.24,3.24,-,3.77,2.62,2.31,3.27,-
11 Ocak 2012,4.38,3.32,-,3.85,2.87,2.48,2.36,-
21 Ocak 2012,4.38,3.32,-,3.77,2.83,2.43,2.35,-
15 Mart 2012,4.57,3.33,-,3.99,2.95,2.64,2.29,-
21 Mart 2012,4.65,3.33,-,3.99,3.00,2.67,2.36,-
03 Mayıs 2012,4.51,3.33,-,3.94,2.90,2.58,2.25,-
09 Mayıs 2012,4.38,3.20,-,3.80,2.80,2.49,2.14,-
26 Mayıs 2012,4.36,3.20,-,3.79,2.82,2.50,2.20,-
22 Haziran 2012,4.24,3.03,-,3.64,2.71,2.39,2.10,-
27 Haziran 2012,4.21,3.03,-,3.64,2.62,2.28,1.98,-
31 Temmuz 2012,4.33,3.21,-,3.80,2.86,2.52,2.14,-
11 Ağustos 2012,4.51,3.21,-,3.80,2.91,2.63,2.26,-
06 Eylül 2012,4.61,3.36,-,3.94,2.77,2.76,2.36,-
22 Eylül 2012,4.76,3.57,-,4.29,2.66,2.63,2.30,-
24 Ekim 2012,4.70,3.48,-,4.29,2.64,2.58,2.29,-
01 Kasım 2012,4.63,3.48,-,4.18,2.60,2.56,2.23,-
24 Kasım 2012,4.63,3.48,-,4.16,2.54,2.50,2.20,-
22 Aralık 2012,4.69,3.40,-,4.08,2.54,2.50,2.20,-
05 Ocak 2013,4.71,3.40,-,4.13,2.54,2.50,2.20,-
06 Şubat 2013,4.88,3.46,-,4.20,2.62,2.58,2.25,-
26 Şubat 2013,4.88,3.54,-,4.20,2.65,2.59,2.28,-
10 Nisan 2013,4.64,3.38,-,4.06,2.51,2.47,2.20,-
18 Nisan 2013,4.57,3.23,4.05,3.97,4.05,2.20,2.36,-
22 Mayıs 2013,4.73,3.33,4.12,4.04,2.53,2.52,2.22,-
05 Haziran 2013,4.73,3.33,4.19,4.11,2.54,2.61,2.28,-
16 Temmuz 2013,4.84,3.57,4.35,4.27,2.62,2.69,2.41,-
01 Ağustos 2013,4.86,3.57,4.35,4.27,2.62,2.69,2.41,-
29 Ağustos 2013,4.93,3.64,4.39,4.31,2.74,2.80,2.48,-
04 Eylül 2013,4.95,3.76,4.56,4.48,2.74,2.80,2.48,-
01 Ekim 2013,4.86,3.56,4.41,4.33,2.69,2.76,2.45,-
11 Ekim 2013,4.79,3.56,4.41,4.33,2.62,2.68,2.39,-
14 Aralık 2013,4.89,3.64,4.50,4.42,2.72,2.80,2.44,-
25 Aralık 2013,4.94,3.64,4.50,4.42,2.72,2.80,2.44,-
25 Ocak 2014,5.07,3.91,4.59,4.51,2.81,2.91,2.57,-
29 Ocak 2014,5.07,3.91,4.71,4.63,2.95,2.99,2.69,-
26 Mart 2014,5.08,3.81,4.41,4.41,2.93,3.06,2.63,-
03 Nisan 2014,5.01,3.70,4.33,4.33,2.93,3.06,2.63,-
09 Nisan 2014,4.98,3.70,4.27,4.27,2.85,2.98,2.57,-
19 Nisan 2014,5.06,3.70,4.34,4.34,2.85,2.98,2.57,-
03 Mayıs 2014,4.98,3.70,4.27,4.27,2.81,2.91,2.55,-
14 Mayıs 2014,4.92,3.70,4.25,4.25,2.81,2.91,2.55,-
22 Mayıs 2014,5.02,3.70,4.45,4.40,2.79,2.90,2.53,-
28 Mayıs 2014,5.00,3.69,4.35,4.35,2.94,2.93,2.51,-
09 Temmuz 2014,5.10,3.76,4.39,4.38,2.95,2.89,2.54,-
18 Temmuz 2014,5.02,3.66,4.39,4.38,2.90,2.82,2.52,-
13 Eylül 2014,4.90,3.66,4.32,4.30,2.90,2.82,2.52,-
14 Ekim 2014,4.90,3.60,4.23,4.21,2.79,2.71,2.41,-
31 Ekim 2014,4.72,3.50,4.16,4.14,2.66,2.59,2.31,-
19 Kasım 2014,4.59,3.36,4.06,4.04,2.52,2.44,2.14,-
02 Aralık 2014,4.44,3.23,3.89,3.87,2.38,2.34,2.05,-
10 Aralık 2014,4.37,3.17,3.89,3.87,2.33,2.31,2.00,-
01 Ocak 2015,4.24,3.09,3.74,3.72,2.19,2.18,1.89,-
07 Ocak 2015,4.13,3.09,3.65,3.63,2.12,2.11,1.83,-
13 Ocak 2015,4.13,2.88,3.57,3.55,2.04,2.05,1.75,-
16 Ocak 2015,4.05,2.82,3.51,3.49,1.99,2.01,1.71,-
31 Ocak 2015,4.17,2.88,3.61,3.59,2.10,2.12,1.80,-
05 Şubat 2015,4.30,3.10,3.76,3.74,2.21,2.19,1.93,-
11 Şubat 2015,4.41,3.22,3.92,3.90,2.33,2.30,2.03,-
17 Şubat 2015,4.43,3.22,3.92,3.90,2.37,2.33,2.06,-
19 Mart 2015,4.39,3.16,3.75,3.75,2.20,2.32,2.07,-
31 Mart 2015,4.49,3.28,3.75,3.75,2.27,2.35,2.14,-
03 Nisan 2015,4.42,3.28,3.79,3.79,2.21,2.29,2.09,-
17 Nisan 2015,4.60,3.33,3.93,3.93,2.37,2.43,2.24,-
21 Mayıs 2015,4.71,3.28,4.07,4.05,2.40,2.34,2.14,-
26 Mayıs 2015,4.66,3.32,4.03,4.01,2.40,2.34,2.14,-
13 Haziran 2015,4.88,3.32,4.03,4.01,2.45,2.38,2.20,-
11 Temmuz 2015,4.76,3.16,3.87,3.85,2.33,2.31,2.12,-
23 Temmuz 2015,4.65,3.16,3.88,3.86,2.29,2.28,2.10,-
06 Ağustos 2015,4.56,3.10,3.88,3.86,2.22,2.22,2.01,-
20 Ağustos 2015,4.56,3.10,3.86,3.84,2.20,2.17,1.99,-
03 Eylül 2015,4.49,3.24,3.91,3.89,2.24,2.19,2.03,-
17 Eylül 2015,4.45,3.29,3.94,3.92,2.23,2.17,2.02,-
22 Eylül 2015,4.51,3.29,3.94,3.92,2.21,2.15,2.00,-
08 Ekim 2015,4.51,3.24,3.94,3.92,2.30,2.27,2.08,-
20 Ekim 2015,4.37,3.24,3.82,3.80,2.18,2.18,1.98,-
28 Ekim 2015,4.37,3.13,3.79,3.77,2.17,2.17,1.96,-
14 Kasım 2015,4.38,3.13,3.79,3.77,2.10,2.11,1.85,-
25 Kasım 2015,4.29,3.07,3.73,3.71,2.09,2.09,1.86,-
16 Aralık 2015,4.29,2.89,3.54,3.52,1.91,2.00,1.72,-
22 Aralık 2015,4.29,2.89,3.54,3.52,1.91,1.95,1.70,-
01 Ocak 2016,4.29,2.89,3.54,3.52,1.90,1.94,1.70,-
13 Ocak 2016,4.29,2.78,3.46,3.44,1.82,1.88,1.64,-
22 Ocak 2016,4.22,2.63,3.31,3.29,1.76,1.82,1.61,-
30 Ocak 2016,4.22,2.81,3.41,3.39,1.87,1.95,1.75,-
05 Şubat 2016,4.22,2.81,3.47,3.45,1.87,1.95,1.75,-
10 Şubat 2016,4.09,2.81,3.47,3.45,1.83,1.90,1.71,-
23 Şubat 2016,4.05,2.76,3.47,3.45,1.83,1.89,1.68,-
27 Şubat 2016,4.09,2.76,3.47,3.45,1.81,1.87,1.67,-
04 Mart 2016,4.14,2.83,3.54,3.52,1.85,1.90,1.70,-
11 Mart 2016,4.29,2.89,3.62,3.60,1.95,1.99,1.78,-
26 Mart 2016,4.33,2.92,3.62,3.60,1.88,1.92,1.72,2.00
06 Nisan 2016,4.33,2.79,3.54,3.52,1.77,1.84,1.66,2.00
09 Nisan 2016,4.30,2.80,3.51,3.49,1.79,1.87,1.70,2.00
15 Nisan 2016,4.43,2.88,3.65,3.63,1.88,1.95,1.77,2.00
13 Mayıs 2016,4.42,2.96,3.83,3.81,2.12,2.06,1.97,2.00
18 Mayıs 2016,4.58,3.14,3.83,3.81,2.12,2.06,1.97,2.00
28 Mayıs 2016,4.58,3.17,3.90,3.88,2.21,2.07,2.00,2.00
11 Haziran 2016,4.49,3.17,3.90,3.88,2.28,2.14,2.01,2.00
28 Haziran 2016,4.50,3.12,3.90,3.88,2.25,2.10,2.00,2.00
09 Temmuz 2016,4.33,3.12,3.82,3.80,2.28,2.15,2.04,2.00
23 Temmuz 2016,4.39,3.05,3.82,3.80,2.27,2.19,2.09,2.00
29 Temmuz 2016,4.39,3.03,3.82,3.80,2.22,2.18,2.03,2.00
16 Ağustos 2016,4.39,3.03,3.80,3.78,2.22,2.18,2.02,2.00
19 Ağustos 2016,4.47,3.11,3.87,3.85,2.25,2.22,2.04,2.00
06 Eylül 2016,4.47,3.11,3.87,3.85,2.26,2.24,2.07,2.00
17 Eylül 2016,4.72,3.36,4.11,4.09,2.26,2.24,2.07,2.00
07 Ekim 2016,4.87,3.53,4.23,4.21,2.42,2.39,2.14,2.00
18 Ekim 2016,4.87,3.53,4.30,4.28,2.51,2.48,2.23,2.00
05 Kasım 2016,4.79,3.46,4.21,4.19,2.39,2.36,2.17,2.00
18 Kasım 2016,4.79,3.46,4.25,4.23,2.39,2.36,2.17,2.00
13 Aralık 2016,5.10,3.89,4.52,4.50,2.76,2.63,2.51,2.00
31 Aralık 2016,5.20,3.89,4.65,4.63,2.80,2.71,2.60,2.00
07 Ocak 2017,5.20,4.05,4.65,4.63,2.95,2.90,2.74,3.00
13 Ocak 2017,5.30,4.05,4.65,4.63,3.09,3.02,2.85,3.00
24 Şubat 2017,5.27,4.19,4.74,4.72,2.91,2.80,2.73,3.00
15 Mart 2017,5.19,4.08,4.67,4.65,2.75,2.66,2.57,3.00
25 Mart 2017,5.19,4.03,4.52,4.50,2.65,2.56,2.47,3.00
27 Nisan 2017,5.27,3.98,4.60,4.58,2.73,2.53,2.42,2.00
05 Mayıs 2017,5.12,3.64,4.49,4.47,2.62,2.37,2.24,2.00
23 Mayıs 2017,5.17,3.74,4.65,4.63,2.67,2.40,2.31,2.00
02 Haziran 2017,5.14,3.67,4.52,4.50,2.59,2.33,2.22,2.00
06 Temmuz 2017,5.13,3.69,4.55,4.53,2.58,2.32,2.26,2.00
01 Ağustos 2017,5.23,3.79,4.67,4.65,2.62,2.32,2.28,2.00
06 Eylül 2017,5.32,3.79,4.68,4.66,2.62,2.32,2.28,3.00
03 Ekim 2017,5.32,3.99,4.87,4.85,2.81,2.47,2.40,3.00
31 Ekim 2017,5.54,4.25,5.04,5.02,3.04,2.68,2.63,3.00
08 Kasım 2017,5.54,4.25,5.04,5.02,3.20,2.85,2.77,3.00
11 Kasım 2017,5.67,4.40,5.17,5.15,3.20,2.85,2.77,3.00
23 Kasım 2017,5.60,4.40,5.17,5.15,3.17,2.81,2.75,3.00
06 Ocak 2018,5.63,4.40,5.25,5.22,3.17,2.81,2.70,3.00
16 Ocak 2018,5.71,4.50,5.28,5.25,3.21,2.85,2.73,3.00
09 Şubat 2018,5.68,4.50,5.28,5.25,3.21,2.85,2.73,3.00
24 Şubat 2018,5.58,4.51,5.24,5.21,3.11,2.74,2.67,3.30
09 Mart 2018,5.69,4.51,5.24,5.21,3.11,2.74,2.67,3.23
23 Mart 2018,5.85,4.66,5.42,5.39,3.25,2.86,2.77,3.29
27 Mart 2018,5.97,4.66,5.42,5.39,3.25,2.86,2.77,3.29
28 Mart 2018,5.97,4.78,5.42,5.39,3.25,2.86,2.77,3.29
29 Mart 2018,5.97,4.78,5.42,5.39,3.24,2.81,2.73,3.29
22 Mayıs 2018,6.28,5.57,5.82,5.79,4.00,3.50,3.43,3.52
25 Mayıs 2018,6.28,5.89,5.82,5.79,4.30,3.76,3.68,3.52
26 Mayıs 2018,6.28,5.89,5.82,5.79,4.18,3.64,3.56,3.52
10 Ağustos 2018,6.28,5.88,5.82,5.79,4.42,3.88,3.82,3.52
14 Ağustos 2018,6.28,6.46,5.82,5.79,4.94,4.31,4.26,3.52
15 Ağustos 2018,6.28,7.10,5.82,5.79,5.61,4.88,4.81,3.52
08 Eylül 2018,7.00,7.03,6.42,6.39,5.47,4.72,4.61,3.86
13 Eylül 2018,7.00,6.86,6.42,6.39,5.34,4.62,4.55,3.86
18 Eylül 2018,6.99,6.53,6.42,6.39,5.03,4.36,4.27,3.86
20 Kasım 2018,6.52,5.95,6.51,6.48,4.49,3.94,3.83,3.86
22 Kasım 2018,6.52,5.67,6.51,6.48,4.29,3.78,3.67,3.86
23 Kasım 2018,6.52,5.67,6.38,6.35,4.29,3.78,3.67,3.86
24 Kasım 2018,6.40,5.67,6.43,6.39,4.29,3.78,3.67,3.86
04 Ocak 2019,5.98,5.12,5.84,5.80,3.61,3.16,3.00,3.59
08 Ocak 2019,5.98,5.12,5.84,5.80,3.85,3.41,3.23,3.59
09 Ocak 2019,5.99,5.29,6.02,5.98,3.85,3.41,3.23,3.59
19 Şubat 2019,6.47,5.32,6.22,6.18,4.15,3.72,3.57,3.73
20 Şubat 2019,6.47,5.55,6.22,6.18,4.32,3.85,3.70,3.73
26 Şubat 2019,6.64,5.55,6.50,6.46,4.32,3.85,3.70,3.73
27 Şubat 2019,6.52,5.55,6.50,6.46,4.32,3.85,3.70,3.73
23 Nisan 2019,7.16,5.88,6.59,6.55,4.63,4.07,3.99,3.90
25 Nisan 2019,7.16,6.09,6.59,6.55,4.63,4.07,3.99,3.90
30 Nisan 2019,7.16,6.09,6.59,6.55,4.69,4.14,4.04,3.90
04 Haziran 2019,7.07,5.98,6.62,6.58,4.73,4.21,3.89,3.79
08 Haziran 2019,6.89,5.52,6.41,6.37,4.35,3.98,3.56,3.79
13 Haziran 2019,6.93,5.52,6.45,6.41,4.35,3.98,3.56,3.79
18 Haziran 2019,6.93,5.52,6.45,6.41,4.34,3.88,3.55,3.79
18 Temmuz 2019,7.25,5.84,6.71,6.67,4.50,4.10,3.75,3.61
20 Temmuz 2019,7.13,5.84,6.71,6.67,4.28,3.82,3.58,3.61
23 Temmuz 2019,7.13,5.84,6.58,6.54,4.28,3.82,3.58,3.61
27 Ağustos 2019,6.90,5.65,6.52,6.48,4.21,3.76,3.12,3.45
03 Eylül 2019,6.90,5.65,6.52,6.48,4.09,3.56,3.05,3.45
04 Eylül 2019,6.90,5.65,6.52,6.48,3.98,3.44,2.90,3.45
04 Ekim 2019,7.00,5.85,6.64,6.60,4.25,3.85,3.05,3.75
05 Ekim 2019,7.00,5.60,6.64,6.60,4.25,3.85,3.05,3.75
10 Ekim 2019,7.00,5.71,6.64,6.60,4.25,3.85,3.05,3.75
12 Ekim 2019,7.00,5.71,6.64,6.60,4.33,3.90,2.92,3.75
19 Kasım 2019,7.03,5.71,6.74,6.70,4.32,3.96,2.59,3.91
20 Kasım 2019,7.03,5.71,6.74,6.70,4.21,3.86,2.50,3.91
26 Kasım 2019,7.03,5.71,6.68,6.64,4.21,3.86,2.50,3.91
06 Aralık 2019,7.03,5.71,6.68,6.64,4.30,3.98,2.50,3.96
07 Aralık 2019,7.03,5.71,6.68,6.64,4.41,4.11,2.62,3.96
10 Aralık 2019,7.03,5.71,6.68,6.64,4.45,4.15,2.69,3.96
17 Ocak 2020,7.24,5.80,6.79,6.75,4.73,4.53,3.09,3.96
18 Ocak 2020,7.24,5.80,6.79,6.75,4.77,4.60,3.16,3.96
25 Ocak 2020,7.24,5.80,6.79,6.75,4.58,4.36,3.22,3.96
01 Şubat 2020,6.91,5.49,6.58,6.54,4.44,4.25,3.08,3.96
04 Şubat 2020,6.91,5.49,6.58,6.54,4.36,4.16,3.03,3.96
05 Şubat 2020,6.91,5.49,6.58,6.54,4.21,3.99,2.98,3.96
06 Şubat 2020,6.91,5.49,6.58,6.54,4.23,3.97,3.08,3.96
07 Şubat 2020,6.91,5.42,6.58,6.54,4.33,4.06,3.11,3.96
08 Şubat 2020,6.91,5.42,6.58,6.54,4.30,4.04,3.03,3.96
18 Şubat 2020,6.91,5.42,6.58,6.54,4.38,4.07,3.22,3.96
25 Şubat 2020,7.08,5.42,6.58,6.54,4.38,4.07,3.22,3.96
26 Şubat 2020,6.98,5.42,6.58,6.54,4.38,4.07,3.22,3.96
27 Şubat 2020,6.98,5.42,6.58,6.54,4.15,3.80,3.12,3.96
30 Nisan 2020,5.24,3.06,5.02,4.98,2.46,2.26,1.79,3.16
05 Mayıs 2020,5.50,3.21,5.22,5.18,2.67,2.45,1.96,3.41
15 Mayıs 2020,5.64,3.42,5.43,5.39,2.91,2.62,2.21,3.41
19 Mayıs 2020,5.86,3.71,5.62,5.58,3.04,2.75,2.47,3.41
28 Mayıs 2020,6.06,4.11,5.74,5.70,3.18,2.88,2.47,3.41
09 Haziran 2020,6.23,4.33,5.86,5.82,3.53,3.21,2.93,3.61
18 Haziran 2020,6.23,4.33,5.86,5.82,3.52,3.16,2.89,3.61
23 Haziran 2020,6.50,4.60,6.13,6.10,3.72,3.37,3.10,3.61
09 Temmuz 2020,6.48,4.52,6.16,6.13,3.76,3.39,3.10,3.93
29 Temmuz 2020,6.48,4.58,6.16,6.13,3.82,3.42,3.20,3.93
12 Ağustos 2020,6.71,4.73,6.31,6.28,3.94,3.57,3.29,3.93
04 Eylül 2020,6.77,4.62,6.31,6.28,4.07,3.72,3.41,4.09
08 Eylül 2020,6.77,4.48,6.11,6.08,3.84,3.54,3.29,4.09
12 Eylül 2020,6.77,4.48,5.93,5.90,3.71,3.41,3.17,4.09
01 Ekim 2020,6.95,4.74,6.11,6.08,4.06,3.72,3.39,4.09
03 Ekim 2020,6.80,4.74,6.11,6.08,4.06,3.72,3.39,4.09
07 Ekim 2020,6.80,4.78,6.11,6.08,4.13,3.84,3.32,4.09
12 Kasım 2020,7.09,5.10,6.52,6.49,4.44,4.10,3.68,4.09
19 Kasım 2020,6.77,5.10,6.52,6.49,4.30,3.99,3.51,4.09
25 Kasım 2020,6.77,5.10,6.50,6.47,4.46,4.13,3.70,4.09
29 Aralık 2020,7.33,5.62,6.77,6.74,4.81,4.23,3.80,4.09
06 Ocak 2021,7.30,5.62,6.81,6.78,4.81,4.23,3.81,4.09
28 Ocak 2021,7.37,5.70,6.81,6.78,4.99,4.44,4.04,4.09
09 Şubat 2021,7.39,5.70,6.87,6.84,5.13,4.66,3.99,4.09
11 Şubat 2021,7.39,5.85,6.87,6.84,5.13,4.66,3.99,4.09
09 Mart 2021,7.41,6.28,6.87,6.84,5.99,5.50,4.68,4.09
13 Mart 2021,7.41,6.52,6.87,6.84,5.82,5.26,4.64,4.09
23 Mart 2021,7.27,6.09,6.65,6.63,5.43,4.90,4.31,4.09
25 Mart 2021,7.27,6.28,6.65,6.63,5.63,5.09,4.42,4.09
17 Nisan 2021,7.27,6.72,6.65,6.63,5.87,5.30,4.61,4.09
04 Mayıs 2021,7.27,6.87,6.65,6.63,6.05,5.46,4.83,4.09
12 Mayıs 2021,7.27,7.14,6.65,6.63,6.22,5.54,4.88,4.09
06 Temmuz 2021,7.95,7.68,7.46,7.43,7.04,6.29,5.52,4.83
25 Ağustos 2021,7.95,7.38,7.48,7.45,6.48,5.74,5.08,5.09
10 Eylül 2021,7.95,7.57,7.48,7.45,6.85,6.17,5.33,5.09
21 Eylül 2021,7.97,7.89,7.50,7.47,6.85,6.17,5.33,5.09
07 Ekim 2021,7.97,8.47,7.50,7.47,8.01,7.09,6.44,5.95
16 Ekim 2021,8.11,9.24,8.14,8.11,8.01,7.09,6.44,5.95
20 Ekim 2021,8.11,9.47,8.37,8.34,8.38,7.37,6.54,5.95
25 Kasım 2021,9.87,11.15,9.98,9.95,10.20,9.10,7.75,8.23
27 Kasım 2021,9.87,11.08,9.98,9.95,10.16,9.10,7.69,8.23
17 Aralık 2021,11.10,12.34,10.55,10.51,10.83,9.71,8.09,8.23
18 Aralık 2021,11.79,13.04,11.69,11.65,11.91,10.60,9.05,8.94
21 Aralık 2021,11.79,13.63,11.69,11.65,12.48,11.10,9.44,8.94
01 Ocak 2022,13.15,11.74,12.96,12.92,10.58,9.34,8.17,9.03
07 Ocak 2022,13.12,12.45,12.99,12.95,10.58,9.34,8.17,9.03
10 Ocak 2022,13.75,12.82,13.93,13.89,11.51,10.18,8.79,9.03
02 Şubat 2022,14.65,13.47,14.83,14.79,12.17,10.73,9.38,9.33
05 Şubat 2022,14.65,14.05,14.83,14.79,12.17,10.73,9.38,9.72
09 Şubat 2022,15.36,14.44,15.63,15.59,13.01,11.52,9.76,9.72
02 Mart 2022,16.75,15.12,16.29,16.25,13.46,11.90,9.92,10.66
11 Mart 2022,20.58,20.50,23.06,23.03,18.58,15.80,13.08,11.12
15 Mart 2022,20.61,18.21,20.73,20.69,17.14,14.90,12.76,11.12
17 Mart 2022,18.23,16.78,18.93,18.89,15.32,13.27,11.40,11.12
02 Nisan 2022,19.21,19.48,21.47,21.44,16.45,13.76,12.31,11.12
08 Nisan 2022,19.21,19.48,21.47,21.44,15.90,13.12,11.34,11.75
12 Nisan 2022,19.23,19.48,20.44,20.41,15.24,12.65,10.91,11.75
14 Mayıs 2022,21.38,21.54,22.31,22.27,16.63,13.51,11.91,10.77
18 Mayıs 2022,23.06,21.54,22.31,22.27,17.36,14.30,12.58,11.13
21 Mayıs 2022,23.07,21.54,22.31,22.27,17.28,14.34,12.75,11.13
02 Haziran 2022,26.46,24.73,26.16,26.12,18.76,15.16,13.64,11.49
08 Haziran 2022,26.46,24.73,28.10,28.05,19.63,15.49,13.02,11.49
10 Haziran 2022,26.46,26.09,28.11,28.07,20.87,16.34,13.29,11.62
30 Haziran 2022,27.48,24.30,26.88,26.83,19.31,14.92,12.69,12.16
02 Temmuz 2022,25.35,24.30,26.88,26.83,19.31,14.92,12.69,10.40
21 Temmuz 2022,22.96,22.64,25.68,25.63,18.49,14.73,11.90,10.71
28 Temmuz 2022,22.49,22.64,24.77,24.73,18.49,14.73,11.90,10.71
02 Ağustos 2022,22.49,22.64,24.77,24.73,19.25,15.87,12.56,11.11
23 Ağustos 2022,21.39,22.75,25.31,25.26,18.04,15.15,11.23,11.21
25 Ağustos 2022,21.39,24.22,26.26,26.21,19.17,15.35,11.18,11.21
27 Ağustos 2022,21.42,25.07,27.15,27.11,19.17,15.35,11.18,11.21
16 Eylül 2022,19.47,21.66,25.10,25.05,17.56,14.57,8.35,10.81
30 Eylül 2022,19.53,21.32,23.42,23.37,17.39,14.04,8.24,10.81
04 Ekim 2022,19.53,21.32,23.42,23.37,17.32,14.05,8.80,10.81
08 Ekim 2022,20.89,21.32,27.43,27.38,19.39,14.93,11.17,10.06
11 Ekim 2022,20.89,24.64,28.81,28.76,20.09,15.37,11.32,10.06
01 Kasım 2022,21.67,22.26,26.69,26.64,18.67,14.09,10.21,10.06
12 Kasım 2022,22.98,23.71,26.67,26.62,17.73,13.84,10.82,10.56
22 Kasım 2022,21.49,22.69,25.14,25.09,16.49,12.36,10.41,10.65
23 Kasım 2022,20.33,22.69,25.14,25.09,15.81,11.68,9.70,10.65
30 Kasım 2022,20.48,20.59,22.80,22.74,16.24,12.33,9.91,10.65
03 Aralık 2022,20.48,21.60,23.95,23.90,16.24,12.33,9.91,10.65
13 Aralık 2022,17.73,19.28,21.44,21.39,14.86,11.70,9.77,10.70
23 Aralık 2022,18.97,20.31,22.41,22.36,15.74,11.94,9.76,10.70
03 Ocak 2023,19.89,20.32,22.47,22.42,16.01,12.57,10.29,10.75
14 Ocak 2023,20.12,20.43,22.61,22.56,16.01,12.43,9.38,10.75
17 Ocak 2023,20.79,21.90,22.61,22.56,16.01,12.43,9.38,10.75
25 Ocak 2023,22.10,24.09,23.74,23.69,17.01,12.93,10.31,10.75
08 Şubat 2023,20.26,18.65,20.63,20.57,15.22,12.55,9.24,11.90
22 Şubat 2023,21.61,18.74,22.08,22.03,15.67,13.10,9.91,11.90
23 Şubat 2023,21.13,18.74,22.08,22.03,15.31,12.58,10.19,11.90
09 Mart 2023,21.31,19.46,22.53,22.48,15.98,13.08,10.92,11.90
16 Mart 2023,21.35,18.72,21.86,21.81,15.09,11.93,11.36,11.97
28 Mart 2023,22.22,17.33,21.45,21.40,14.70,11.63,10.74,11.97
05 Nisan 2023,23.30,18.01,21.38,21.33,15.88,13.17,12.21,10.18
21 Nisan 2023,22.08,18.18,21.11,21.06,15.88,13.17,12.21,10.51
25 Nisan 2023,22.08,17.48,20.64,20.58,15.88,13.17,12.21,10.51
05 Mayıs 2023,21.18,15.94,18.86,18.81,15.05,13.04,11.45,10.56
23 Mayıs 2023,21.41,16.64,20.29,20.24,14.60,12.52,11.43,10.56
24 Mayıs 2023,21.42,16.64,20.30,20.25,14.60,12.52,11.43,10.56
07 Haziran 2023,22.08,17.18,21.66,21.61,15.16,12.92,11.80,9.78
08 Haziran 2023,22.08,18.39,21.66,21.61,16.27,13.75,12.30,9.78
20 Haziran 2023,24.90,19.75,24.83,24.78,18.40,15.69,13.54,10.68
07 Temmuz 2023,27.20,22.55,25.97,25.92,20.22,17.26,16.73,10.69
15 Temmuz 2023,29.04,24.29,27.53,27.48,21.66,18.28,17.61,11.25
28 Temmuz 2023,37.06,30.38,36.51,36.46,26.07,22.40,19.67,14.19
27 Eylül 2023,37.83,34.96,41.32,41.28,29.25,24.81,22.46,17.55
03 Ekim 2023,37.89,34.96,41.38,41.34,29.25,24.81,22.46,18.30
05 Ekim 2023,35.78,34.96,41.38,41.34,29.25,24.81,22.46,18.38
07 Ekim 2023,34.74,32.13,38.53,38.49,26.88,22.69,20.13,18.38
11 Ekim 2023,34.80,32.13,38.59,38.55,27.83,23.79,20.59,18.38
20 Ekim 2023,34.83,35.05,40.88,40.84,29.18,24.98,21.78,18.38
27 Ekim 2023,36.31,35.05,40.88,40.84,28.20,24.36,20.37,18.38
01 Kasım 2023,35.65,33.26,39.31,39.27,28.09,24.37,19.66,18.38
03 Kasım 2023,35.69,33.26,39.35,39.31,28.09,24.37,19.66,18.46
09 Kasım 2023,35.78,33.26,39.33,39.29,27.04,23.24,18.44,18.46
16 Kasım 2023,35.78,33.26,38.83,38.79,27.04,23.24,18.44,18.46
21 Kasım 2023,35.84,33.26,38.89,38.85,27.04,23.24,18.44,18.46
28 Kasım 2023,35.85,33.26,38.90,38.86,27.52,23.90,19.55,18.46
05 Aralık 2023,35.85,31.81,38.90,38.86,27.52,23.90,19.55,18.46
07 Aralık 2023,35.85,31.81,37.56,37.52,26.54,22.94,18.81,18.46
09 Aralık 2023,34.25,30.03,36.80,36.76,25.61,22.07,17.88,18.46
16 Şubat 2024,42.63,36.52,45.86,45.81,29.76,24.20,22.31,20.34
23 Şubat 2024,41.87,35.46,43.55,43.50,29.82,25.38,22.27,20.79
12 Mart 2024,41.93,34.29,42.29,42.24,30.77,26.74,22.86,21.64
15 Mart 2024,43.52,34.29,43.45,43.40,30.81,26.78,22.36,21.64
19 Mart 2024,43.56,35.81,43.48,43.43,30.81,26.78,22.36,21.76
21 Mart 2024,44.90,35.81,44.59,44.54,31.83,27.51,23.42,21.64
23 Mart 2024,44.92,35.81,43.59,43.54,31.83,27.51,23.42,22.21
